Fecha,SKU_ID,CEDI,Ventas_Unidades,Stock_Actual,Lead_Time_Dias,Promocion_Activa,Precio_Combustible_MXN,Clima,Costo_Quiebre_Stock_Diario,Costo_Transferencia_Unidad
2024-03-01,HZ-Salsa-Verde-200g,CEDI_Norte,195,1180,3,0,22.9,Despejado,15000,12.64
2024-03-01,HZ-Salsa-Verde-200g,CEDI_Sur,198,921,5,0,23.27,Despejado,15000,11.04
2024-03-01,HZ-Salsa-Verde-200g,CEDI_Occidente,185,71,5,0,23.51,Despejado,15000,10.07
2024-03-01,HZ-Salsa-Verde-200g,CEDI_Bajio,188,1007,5,0,24.78,Despejado,15000,10.89
2024-03-01,HZ-Salsa-Roja-200g,CEDI_Norte,204,216,3,0,23.55,Despejado,15000,11.16
2024-03-01,HZ-Salsa-Roja-200g,CEDI_Sur,189,1501,5,0,23.91,Despejado,15000,9.28
2024-03-01,HZ-Salsa-Roja-200g,CEDI_Occidente,201,1895,5,0,23.41,Despejado,15000,11.7
2024-03-01,HZ-Salsa-Roja-200g,CEDI_Bajio,226,1344,5,0,23.0,Despejado,15000,8.92
2024-03-01,HZ-Mole-Poblano-250g,CEDI_Norte,111,813,3,0,23.02,Despejado,8000,9.45
2024-03-01,HZ-Mole-Poblano-250g,CEDI_Sur,97,1136,5,0,24.02,Lluvia,8000,11.43
2024-03-01,HZ-Mole-Poblano-250g,CEDI_Occidente,82,90,5,1,23.42,Despejado,8000,11.66
2024-03-01,HZ-Mole-Poblano-250g,CEDI_Bajio,96,854,5,0,23.92,Despejado,8000,10.8
2024-03-01,HZ-Atun-Agua-140g,CEDI_Norte,86,1842,3,0,23.11,Despejado,8000,9.66
2024-03-01,HZ-Atun-Agua-140g,CEDI_Sur,106,941,5,0,23.54,Despejado,8000,10.2
2024-03-01,HZ-Atun-Agua-140g,CEDI_Occidente,100,1480,5,0,22.79,Tormenta,8000,10.69
2024-03-01,HZ-Atun-Agua-140g,CEDI_Bajio,103,1869,5,1,23.75,Lluvia,8000,11.66
2024-03-01,HZ-Champiñones-380g,CEDI_Norte,110,1871,3,1,23.11,Despejado,8000,10.14
2024-03-01,HZ-Champiñones-380g,CEDI_Sur,116,1356,5,0,23.65,Despejado,8000,10.76
2024-03-01,HZ-Champiñones-380g,CEDI_Occidente,100,1750,5,0,23.05,Despejado,8000,9.68
2024-03-01,HZ-Champiñones-380g,CEDI_Bajio,91,1765,5,0,23.49,Despejado,8000,8.83
2024-03-02,HZ-Salsa-Verde-200g,CEDI_Norte,191,162,3,1,23.28,Despejado,15000,10.42
2024-03-02,HZ-Salsa-Verde-200g,CEDI_Sur,205,1126,5,0,24.07,Despejado,15000,11.25
2024-03-02,HZ-Salsa-Verde-200g,CEDI_Occidente,210,933,5,1,24.11,Lluvia,15000,10.11
2024-03-02,HZ-Salsa-Verde-200g,CEDI_Bajio,183,513,5,0,24.35,Despejado,15000,11.37
2024-03-02,HZ-Salsa-Roja-200g,CEDI_Norte,200,913,3,0,23.43,Despejado,15000,11.12
2024-03-02,HZ-Salsa-Roja-200g,CEDI_Sur,216,522,5,0,24.44,Despejado,15000,10.9
2024-03-02,HZ-Salsa-Roja-200g,CEDI_Occidente,201,946,5,0,22.78,Despejado,15000,11.69
2024-03-02,HZ-Salsa-Roja-200g,CEDI_Bajio,220,1993,5,1,23.93,Despejado,15000,12.29
2024-03-02,HZ-Mole-Poblano-250g,CEDI_Norte,93,1779,3,0,22.9,Lluvia,8000,11.16
2024-03-02,HZ-Mole-Poblano-250g,CEDI_Sur,92,1989,5,0,23.93,Despejado,8000,11.46
2024-03-02,HZ-Mole-Poblano-250g,CEDI_Occidente,101,519,5,0,23.94,Despejado,8000,10.26
2024-03-02,HZ-Mole-Poblano-250g,CEDI_Bajio,109,333,5,0,23.31,Despejado,8000,11.0
2024-03-02,HZ-Atun-Agua-140g,CEDI_Norte,102,1585,3,0,23.39,Despejado,8000,11.21
2024-03-02,HZ-Atun-Agua-140g,CEDI_Sur,118,230,5,0,23.03,Despejado,8000,9.9
2024-03-02,HZ-Atun-Agua-140g,CEDI_Occidente,100,1808,5,0,23.82,Despejado,8000,9.42
2024-03-02,HZ-Atun-Agua-140g,CEDI_Bajio,92,834,5,0,23.71,Despejado,8000,9.77
2024-03-02,HZ-Champiñones-380g,CEDI_Norte,94,1891,3,1,23.51,Despejado,8000,11.37
2024-03-02,HZ-Champiñones-380g,CEDI_Sur,110,561,5,0,23.53,Despejado,8000,10.09
2024-03-02,HZ-Champiñones-380g,CEDI_Occidente,105,1771,5,0,23.84,Despejado,8000,8.89
2024-03-02,HZ-Champiñones-380g,CEDI_Bajio,96,1042,5,0,24.11,Despejado,8000,10.35
2024-03-03,HZ-Salsa-Verde-200g,CEDI_Norte,196,985,3,0,23.51,Despejado,15000,10.94
2024-03-03,HZ-Salsa-Verde-200g,CEDI_Sur,213,1677,5,0,23.13,Despejado,15000,9.92
2024-03-03,HZ-Salsa-Verde-200g,CEDI_Occidente,197,1714,5,0,23.26,Despejado,15000,9.85
2024-03-03,HZ-Salsa-Verde-200g,CEDI_Bajio,209,1958,5,0,24.57,Despejado,15000,10.73
2024-03-03,HZ-Salsa-Roja-200g,CEDI_Norte,210,203,3,0,23.38,Despejado,15000,12.37
2024-03-03,HZ-Salsa-Roja-200g,CEDI_Sur,200,1362,5,0,23.29,Tormenta,15000,10.64
2024-03-03,HZ-Salsa-Roja-200g,CEDI_Occidente,220,1979,5,0,24.08,Despejado,15000,10.51
2024-03-03,HZ-Salsa-Roja-200g,CEDI_Bajio,184,1832,5,1,23.67,Lluvia,15000,11.43
2024-03-03,HZ-Mole-Poblano-250g,CEDI_Norte,105,1618,3,0,23.84,Despejado,8000,10.57
2024-03-03,HZ-Mole-Poblano-250g,CEDI_Sur,90,1680,5,0,23.56,Despejado,8000,10.07
2024-03-03,HZ-Mole-Poblano-250g,CEDI_Occidente,105,1019,5,0,23.21,Despejado,8000,11.35
2024-03-03,HZ-Mole-Poblano-250g,CEDI_Bajio,106,462,5,0,23.72,Despejado,8000,10.42
2024-03-03,HZ-Atun-Agua-140g,CEDI_Norte,98,788,3,1,22.61,Lluvia,8000,9.28
2024-03-03,HZ-Atun-Agua-140g,CEDI_Sur,95,86,5,0,24.07,Despejado,8000,11.36
2024-03-03,HZ-Atun-Agua-140g,CEDI_Occidente,96,645,5,0,23.84,Despejado,8000,10.19
2024-03-03,HZ-Atun-Agua-140g,CEDI_Bajio,84,767,5,0,22.83,Despejado,8000,7.14
2024-03-03,HZ-Champiñones-380g,CEDI_Norte,84,997,3,0,23.89,Lluvia,8000,11.17
2024-03-03,HZ-Champiñones-380g,CEDI_Sur,84,984,5,1,24.41,Tormenta,8000,10.9
2024-03-03,HZ-Champiñones-380g,CEDI_Occidente,106,962,5,0,23.62,Despejado,8000,9.99
2024-03-03,HZ-Champiñones-380g,CEDI_Bajio,111,1590,5,0,23.72,Lluvia,8000,9.04
2024-03-04,HZ-Salsa-Verde-200g,CEDI_Norte,219,1400,3,1,23.17,Despejado,15000,11.86
2024-03-04,HZ-Salsa-Verde-200g,CEDI_Sur,212,140,5,0,23.14,Despejado,15000,8.62
2024-03-04,HZ-Salsa-Verde-200g,CEDI_Occidente,196,1733,5,0,23.66,Lluvia,15000,9.67
2024-03-04,HZ-Salsa-Verde-200g,CEDI_Bajio,203,1264,5,0,23.53,Despejado,15000,9.66
2024-03-04,HZ-Salsa-Roja-200g,CEDI_Norte,202,129,3,0,23.74,Despejado,15000,10.55
2024-03-04,HZ-Salsa-Roja-200g,CEDI_Sur,205,1488,5,1,23.05,Lluvia,15000,12.03
2024-03-04,HZ-Salsa-Roja-200g,CEDI_Occidente,171,1481,5,0,23.08,Despejado,15000,9.9
2024-03-04,HZ-Salsa-Roja-200g,CEDI_Bajio,194,781,5,0,23.34,Despejado,15000,8.84
2024-03-04,HZ-Mole-Poblano-250g,CEDI_Norte,93,510,3,0,23.87,Despejado,8000,11.98
2024-03-04,HZ-Mole-Poblano-250g,CEDI_Sur,119,926,5,0,24.2,Despejado,8000,10.05
2024-03-04,HZ-Mole-Poblano-250g,CEDI_Occidente,108,876,5,0,23.44,Despejado,8000,11.74
2024-03-04,HZ-Mole-Poblano-250g,CEDI_Bajio,93,567,5,0,24.32,Tormenta,8000,10.73
2024-03-04,HZ-Atun-Agua-140g,CEDI_Norte,102,763,3,0,23.34,Despejado,8000,8.9
2024-03-04,HZ-Atun-Agua-140g,CEDI_Sur,124,1519,5,1,21.76,Lluvia,8000,10.23
2024-03-04,HZ-Atun-Agua-140g,CEDI_Occidente,94,285,5,0,23.38,Despejado,8000,11.47
2024-03-04,HZ-Atun-Agua-140g,CEDI_Bajio,103,484,5,1,23.6,Despejado,8000,10.55
2024-03-04,HZ-Champiñones-380g,CEDI_Norte,104,484,3,1,23.6,Lluvia,8000,8.33
2024-03-04,HZ-Champiñones-380g,CEDI_Sur,97,1636,5,0,23.4,Lluvia,8000,11.92
2024-03-04,HZ-Champiñones-380g,CEDI_Occidente,108,118,5,1,22.47,Despejado,8000,10.41
2024-03-04,HZ-Champiñones-380g,CEDI_Bajio,92,810,5,0,22.62,Despejado,8000,12.0
2024-03-05,HZ-Salsa-Verde-200g,CEDI_Norte,185,330,3,1,24.53,Despejado,15000,10.18
2024-03-05,HZ-Salsa-Verde-200g,CEDI_Sur,186,1078,5,0,23.38,Despejado,15000,10.42
2024-03-05,HZ-Salsa-Verde-200g,CEDI_Occidente,201,1119,5,0,24.48,Despejado,15000,10.54
2024-03-05,HZ-Salsa-Verde-200g,CEDI_Bajio,213,288,5,0,23.31,Despejado,15000,9.44
2024-03-05,HZ-Salsa-Roja-200g,CEDI_Norte,218,1940,3,0,23.23,Despejado,15000,9.27
2024-03-05,HZ-Salsa-Roja-200g,CEDI_Sur,205,1289,5,0,23.7,Lluvia,15000,9.72
2024-03-05,HZ-Salsa-Roja-200g,CEDI_Occidente,211,1347,5,0,22.7,Despejado,15000,10.7
2024-03-05,HZ-Salsa-Roja-200g,CEDI_Bajio,195,1346,5,0,23.11,Lluvia,15000,10.15
2024-03-05,HZ-Mole-Poblano-250g,CEDI_Norte,103,116,3,0,24.79,Lluvia,8000,9.88
2024-03-05,HZ-Mole-Poblano-250g,CEDI_Sur,102,797,5,0,23.06,Despejado,8000,9.12
2024-03-05,HZ-Mole-Poblano-250g,CEDI_Occidente,102,926,5,0,23.19,Despejado,8000,9.24
2024-03-05,HZ-Mole-Poblano-250g,CEDI_Bajio,112,399,5,0,22.25,Tormenta,8000,11.18
2024-03-05,HZ-Atun-Agua-140g,CEDI_Norte,86,1805,3,1,24.4,Lluvia,8000,10.43
2024-03-05,HZ-Atun-Agua-140g,CEDI_Sur,107,1099,5,0,23.17,Despejado,8000,11.07
2024-03-05,HZ-Atun-Agua-140g,CEDI_Occidente,98,162,5,0,23.99,Despejado,8000,11.26
2024-03-05,HZ-Atun-Agua-140g,CEDI_Bajio,100,894,5,0,23.43,Despejado,8000,10.09
2024-03-05,HZ-Champiñones-380g,CEDI_Norte,95,370,3,0,24.69,Lluvia,8000,9.9
2024-03-05,HZ-Champiñones-380g,CEDI_Sur,85,285,5,0,23.25,Tormenta,8000,9.26
2024-03-05,HZ-Champiñones-380g,CEDI_Occidente,107,1422,5,0,23.2,Despejado,8000,11.09
2024-03-05,HZ-Champiñones-380g,CEDI_Bajio,89,1452,5,0,23.36,Despejado,8000,11.11
2024-03-06,HZ-Salsa-Verde-200g,CEDI_Norte,208,665,3,0,22.56,Lluvia,15000,10.15
2024-03-06,HZ-Salsa-Verde-200g,CEDI_Sur,200,1298,5,0,23.13,Despejado,15000,10.55
2024-03-06,HZ-Salsa-Verde-200g,CEDI_Occidente,202,628,5,0,23.06,Lluvia,15000,10.1
2024-03-06,HZ-Salsa-Verde-200g,CEDI_Bajio,205,1304,5,0,23.99,Despejado,15000,11.22
2024-03-06,HZ-Salsa-Roja-200g,CEDI_Norte,187,566,3,1,24.02,Despejado,15000,9.99
2024-03-06,HZ-Salsa-Roja-200g,CEDI_Sur,216,1769,5,0,22.99,Despejado,15000,13.48
2024-03-06,HZ-Salsa-Roja-200g,CEDI_Occidente,212,676,5,0,22.68,Despejado,15000,10.78
2024-03-06,HZ-Salsa-Roja-200g,CEDI_Bajio,203,864,5,0,23.88,Despejado,15000,10.71
2024-03-06,HZ-Mole-Poblano-250g,CEDI_Norte,85,1689,3,1,23.55,Despejado,8000,11.23
2024-03-06,HZ-Mole-Poblano-250g,CEDI_Sur,117,1179,5,0,23.19,Despejado,8000,10.32
2024-03-06,HZ-Mole-Poblano-250g,CEDI_Occidente,85,828,5,0,24.77,Despejado,8000,11.02
2024-03-06,HZ-Mole-Poblano-250g,CEDI_Bajio,79,1509,5,0,23.04,Despejado,8000,10.75
2024-03-06,HZ-Atun-Agua-140g,CEDI_Norte,99,396,3,0,23.37,Despejado,8000,9.0
2024-03-06,HZ-Atun-Agua-140g,CEDI_Sur,89,759,5,0,24.02,Despejado,8000,9.8
2024-03-06,HZ-Atun-Agua-140g,CEDI_Occidente,91,1122,5,0,23.1,Tormenta,8000,10.34
2024-03-06,HZ-Atun-Agua-140g,CEDI_Bajio,100,1214,5,0,24.17,Despejado,8000,10.17
2024-03-06,HZ-Champiñones-380g,CEDI_Norte,99,1550,3,0,23.14,Lluvia,8000,10.61
2024-03-06,HZ-Champiñones-380g,CEDI_Sur,99,1037,5,0,24.3,Despejado,8000,10.48
2024-03-06,HZ-Champiñones-380g,CEDI_Occidente,95,1716,5,0,23.92,Despejado,8000,9.17
2024-03-06,HZ-Champiñones-380g,CEDI_Bajio,106,882,5,0,23.11,Despejado,8000,9.88
2024-03-07,HZ-Salsa-Verde-200g,CEDI_Norte,204,1302,3,0,22.89,Despejado,15000,11.21
2024-03-07,HZ-Salsa-Verde-200g,CEDI_Sur,189,1193,5,0,23.36,Despejado,15000,9.44
2024-03-07,HZ-Salsa-Verde-200g,CEDI_Occidente,177,1746,5,0,22.67,Lluvia,15000,12.26
2024-03-07,HZ-Salsa-Verde-200g,CEDI_Bajio,215,795,5,0,23.34,Lluvia,15000,10.4
2024-03-07,HZ-Salsa-Roja-200g,CEDI_Norte,193,954,3,0,23.61,Lluvia,15000,10.4
2024-03-07,HZ-Salsa-Roja-200g,CEDI_Sur,182,681,5,1,22.83,Despejado,15000,10.38
2024-03-07,HZ-Salsa-Roja-200g,CEDI_Occidente,200,286,5,0,23.81,Despejado,15000,9.3
2024-03-07,HZ-Salsa-Roja-200g,CEDI_Bajio,182,659,5,0,23.6,Despejado,15000,9.52
2024-03-07,HZ-Mole-Poblano-250g,CEDI_Norte,101,1451,3,0,23.05,Lluvia,8000,9.59
2024-03-07,HZ-Mole-Poblano-250g,CEDI_Sur,92,870,5,0,23.42,Despejado,8000,11.31
2024-03-07,HZ-Mole-Poblano-250g,CEDI_Occidente,100,1069,5,1,23.39,Tormenta,8000,11.71
2024-03-07,HZ-Mole-Poblano-250g,CEDI_Bajio,107,1383,5,0,23.75,Lluvia,8000,10.68
2024-03-07,HZ-Atun-Agua-140g,CEDI_Norte,91,1221,3,0,23.62,Tormenta,8000,10.73
2024-03-07,HZ-Atun-Agua-140g,CEDI_Sur,88,1523,5,0,23.59,Despejado,8000,10.17
2024-03-07,HZ-Atun-Agua-140g,CEDI_Occidente,106,1112,5,0,23.35,Lluvia,8000,9.84
2024-03-07,HZ-Atun-Agua-140g,CEDI_Bajio,106,61,5,0,23.69,Lluvia,8000,11.11
2024-03-07,HZ-Champiñones-380g,CEDI_Norte,105,759,3,1,23.63,Despejado,8000,11.23
2024-03-07,HZ-Champiñones-380g,CEDI_Sur,78,1361,5,0,23.91,Despejado,8000,10.63
2024-03-07,HZ-Champiñones-380g,CEDI_Occidente,106,737,5,0,24.18,Lluvia,8000,10.14
2024-03-07,HZ-Champiñones-380g,CEDI_Bajio,79,1516,5,0,23.55,Despejado,8000,10.04
2024-03-08,HZ-Salsa-Verde-200g,CEDI_Norte,181,854,3,0,22.46,Despejado,15000,9.22
2024-03-08,HZ-Salsa-Verde-200g,CEDI_Sur,214,1031,5,0,23.93,Despejado,15000,10.78
2024-03-08,HZ-Salsa-Verde-200g,CEDI_Occidente,188,1243,5,1,23.82,Despejado,15000,10.33
2024-03-08,HZ-Salsa-Verde-200g,CEDI_Bajio,177,797,5,0,23.28,Despejado,15000,11.95
2024-03-08,HZ-Salsa-Roja-200g,CEDI_Norte,210,52,3,0,23.89,Lluvia,15000,10.05
2024-03-08,HZ-Salsa-Roja-200g,CEDI_Sur,204,998,5,1,22.53,Despejado,15000,9.29
2024-03-08,HZ-Salsa-Roja-200g,CEDI_Occidente,213,759,5,1,23.62,Tormenta,15000,11.43
2024-03-08,HZ-Salsa-Roja-200g,CEDI_Bajio,173,1934,5,0,23.64,Despejado,15000,12.96
2024-03-08,HZ-Mole-Poblano-250g,CEDI_Norte,89,802,3,1,23.73,Despejado,8000,11.01
2024-03-08,HZ-Mole-Poblano-250g,CEDI_Sur,91,1093,5,1,23.31,Lluvia,8000,9.33
2024-03-08,HZ-Mole-Poblano-250g,CEDI_Occidente,106,209,5,0,24.19,Despejado,8000,11.18
2024-03-08,HZ-Mole-Poblano-250g,CEDI_Bajio,115,1340,5,1,23.19,Lluvia,8000,10.11
2024-03-08,HZ-Atun-Agua-140g,CEDI_Norte,110,1334,3,0,23.02,Despejado,8000,9.65
2024-03-08,HZ-Atun-Agua-140g,CEDI_Sur,106,963,5,0,23.85,Despejado,8000,9.44
2024-03-08,HZ-Atun-Agua-140g,CEDI_Occidente,112,273,5,0,23.58,Despejado,8000,11.36
2024-03-08,HZ-Atun-Agua-140g,CEDI_Bajio,101,1362,5,1,23.8,Lluvia,8000,11.61
2024-03-08,HZ-Champiñones-380g,CEDI_Norte,113,412,3,0,23.04,Lluvia,8000,11.09
2024-03-08,HZ-Champiñones-380g,CEDI_Sur,126,1104,5,0,23.31,Lluvia,8000,9.67
2024-03-08,HZ-Champiñones-380g,CEDI_Occidente,89,1791,5,0,23.11,Despejado,8000,9.88
2024-03-08,HZ-Champiñones-380g,CEDI_Bajio,95,409,5,0,23.82,Lluvia,8000,12.66
2024-03-09,HZ-Salsa-Verde-200g,CEDI_Norte,179,635,3,0,23.32,Despejado,15000,11.61
2024-03-09,HZ-Salsa-Verde-200g,CEDI_Sur,211,965,5,0,23.41,Lluvia,15000,10.1
2024-03-09,HZ-Salsa-Verde-200g,CEDI_Occidente,173,754,5,0,24.51,Despejado,15000,9.76
2024-03-09,HZ-Salsa-Verde-200g,CEDI_Bajio,195,1106,5,0,24.28,Despejado,15000,10.43
2024-03-09,HZ-Salsa-Roja-200g,CEDI_Norte,198,1358,3,1,24.15,Despejado,15000,10.61
2024-03-09,HZ-Salsa-Roja-200g,CEDI_Sur,216,1157,5,0,23.39,Tormenta,15000,9.35
2024-03-09,HZ-Salsa-Roja-200g,CEDI_Occidente,197,1847,5,0,22.58,Despejado,15000,9.93
2024-03-09,HZ-Salsa-Roja-200g,CEDI_Bajio,210,1236,5,0,22.87,Lluvia,15000,11.94
2024-03-09,HZ-Mole-Poblano-250g,CEDI_Norte,99,479,3,0,24.31,Despejado,8000,8.02
2024-03-09,HZ-Mole-Poblano-250g,CEDI_Sur,109,1609,5,1,24.12,Despejado,8000,10.99
2024-03-09,HZ-Mole-Poblano-250g,CEDI_Occidente,86,1309,5,0,22.76,Despejado,8000,10.82
2024-03-09,HZ-Mole-Poblano-250g,CEDI_Bajio,104,435,5,0,23.28,Despejado,8000,8.61
2024-03-09,HZ-Atun-Agua-140g,CEDI_Norte,82,1439,3,1,23.95,Lluvia,8000,11.77
2024-03-09,HZ-Atun-Agua-140g,CEDI_Sur,107,1626,5,0,24.7,Lluvia,8000,10.48
2024-03-09,HZ-Atun-Agua-140g,CEDI_Occidente,102,1938,5,0,23.38,Despejado,8000,9.82
2024-03-09,HZ-Atun-Agua-140g,CEDI_Bajio,83,243,5,1,23.82,Lluvia,8000,9.52
2024-03-09,HZ-Champiñones-380g,CEDI_Norte,123,684,3,0,24.41,Lluvia,8000,10.86
2024-03-09,HZ-Champiñones-380g,CEDI_Sur,106,1391,5,0,24.56,Despejado,8000,10.29
2024-03-09,HZ-Champiñones-380g,CEDI_Occidente,103,944,5,0,24.37,Despejado,8000,10.7
2024-03-09,HZ-Champiñones-380g,CEDI_Bajio,80,958,5,0,22.72,Despejado,8000,11.55
2024-03-10,HZ-Salsa-Verde-200g,CEDI_Norte,211,358,3,0,24.98,Lluvia,15000,10.4
2024-03-10,HZ-Salsa-Verde-200g,CEDI_Sur,186,142,5,0,23.74,Despejado,15000,10.08
2024-03-10,HZ-Salsa-Verde-200g,CEDI_Occidente,237,73,5,0,22.89,Tormenta,15000,9.04
2024-03-10,HZ-Salsa-Verde-200g,CEDI_Bajio,203,1190,5,0,24.25,Lluvia,15000,12.14
2024-03-10,HZ-Salsa-Roja-200g,CEDI_Norte,191,1716,3,0,24.19,Despejado,15000,11.28
2024-03-10,HZ-Salsa-Roja-200g,CEDI_Sur,209,1672,5,0,23.62,Despejado,15000,8.18
2024-03-10,HZ-Salsa-Roja-200g,CEDI_Occidente,173,1575,5,1,23.89,Despejado,15000,7.65
2024-03-10,HZ-Salsa-Roja-200g,CEDI_Bajio,204,940,5,0,24.02,Despejado,15000,10.2
2024-03-10,HZ-Mole-Poblano-250g,CEDI_Norte,103,1749,3,1,22.72,Despejado,8000,10.23
2024-03-10,HZ-Mole-Poblano-250g,CEDI_Sur,89,1851,5,0,23.42,Despejado,8000,9.35
2024-03-10,HZ-Mole-Poblano-250g,CEDI_Occidente,122,935,5,0,23.34,Lluvia,8000,12.58
2024-03-10,HZ-Mole-Poblano-250g,CEDI_Bajio,110,1792,5,0,23.24,Tormenta,8000,10.54
2024-03-10,HZ-Atun-Agua-140g,CEDI_Norte,86,331,3,0,23.43,Tormenta,8000,9.47
2024-03-10,HZ-Atun-Agua-140g,CEDI_Sur,94,1279,5,0,23.26,Despejado,8000,8.04
2024-03-10,HZ-Atun-Agua-140g,CEDI_Occidente,92,968,5,0,24.05,Despejado,8000,9.46
2024-03-10,HZ-Atun-Agua-140g,CEDI_Bajio,84,1425,5,0,23.45,Despejado,8000,10.47
2024-03-10,HZ-Champiñones-380g,CEDI_Norte,108,394,3,0,22.96,Despejado,8000,11.17
2024-03-10,HZ-Champiñones-380g,CEDI_Sur,97,1675,5,0,23.67,Despejado,8000,9.39
2024-03-10,HZ-Champiñones-380g,CEDI_Occidente,108,1232,5,0,23.38,Despejado,8000,11.46
2024-03-10,HZ-Champiñones-380g,CEDI_Bajio,105,1667,5,1,23.89,Despejado,8000,10.11
2024-03-11,HZ-Salsa-Verde-200g,CEDI_Norte,191,774,3,0,22.86,Despejado,15000,8.86
2024-03-11,HZ-Salsa-Verde-200g,CEDI_Sur,195,354,5,0,23.35,Despejado,15000,10.47
2024-03-11,HZ-Salsa-Verde-200g,CEDI_Occidente,184,1011,5,0,23.99,Despejado,15000,10.18
2024-03-11,HZ-Salsa-Verde-200g,CEDI_Bajio,199,1227,5,0,23.54,Despejado,15000,9.32
2024-03-11,HZ-Salsa-Roja-200g,CEDI_Norte,199,392,3,0,23.37,Tormenta,15000,10.89
2024-03-11,HZ-Salsa-Roja-200g,CEDI_Sur,194,1966,5,0,24.52,Tormenta,15000,10.78
2024-03-11,HZ-Salsa-Roja-200g,CEDI_Occidente,201,155,5,0,23.01,Despejado,15000,11.44
2024-03-11,HZ-Salsa-Roja-200g,CEDI_Bajio,181,1424,5,1,23.23,Despejado,15000,11.01
2024-03-11,HZ-Mole-Poblano-250g,CEDI_Norte,109,1001,3,1,24.2,Despejado,8000,10.42
2024-03-11,HZ-Mole-Poblano-250g,CEDI_Sur,123,1191,5,0,24.16,Despejado,8000,10.92
2024-03-11,HZ-Mole-Poblano-250g,CEDI_Occidente,89,731,5,1,22.88,Lluvia,8000,9.81
2024-03-11,HZ-Mole-Poblano-250g,CEDI_Bajio,93,1133,5,0,23.79,Despejado,8000,11.18
2024-03-11,HZ-Atun-Agua-140g,CEDI_Norte,98,1634,3,0,23.32,Despejado,8000,10.95
2024-03-11,HZ-Atun-Agua-140g,CEDI_Sur,103,699,5,0,23.23,Despejado,8000,10.66
2024-03-11,HZ-Atun-Agua-140g,CEDI_Occidente,93,1731,5,0,24.34,Despejado,8000,9.95
2024-03-11,HZ-Atun-Agua-140g,CEDI_Bajio,85,603,5,1,23.13,Despejado,8000,11.37
2024-03-11,HZ-Champiñones-380g,CEDI_Norte,103,1426,3,0,23.21,Despejado,8000,10.3
2024-03-11,HZ-Champiñones-380g,CEDI_Sur,81,1612,5,0,23.82,Despejado,8000,8.94
2024-03-11,HZ-Champiñones-380g,CEDI_Occidente,91,391,5,0,24.34,Despejado,8000,10.92
2024-03-11,HZ-Champiñones-380g,CEDI_Bajio,80,1621,5,1,24.16,Despejado,8000,11.19
2024-03-12,HZ-Salsa-Verde-200g,CEDI_Norte,196,104,3,0,24.16,Lluvia,15000,9.29
2024-03-12,HZ-Salsa-Verde-200g,CEDI_Sur,226,397,5,1,23.12,Despejado,15000,11.29
2024-03-12,HZ-Salsa-Verde-200g,CEDI_Occidente,178,505,5,0,23.57,Lluvia,15000,10.35
2024-03-12,HZ-Salsa-Verde-200g,CEDI_Bajio,209,530,5,0,22.92,Despejado,15000,8.96
2024-03-12,HZ-Salsa-Roja-200g,CEDI_Norte,188,884,3,0,24.58,Despejado,15000,9.37
2024-03-12,HZ-Salsa-Roja-200g,CEDI_Sur,224,391,5,0,23.51,Despejado,15000,8.03
2024-03-12,HZ-Salsa-Roja-200g,CEDI_Occidente,202,1231,5,1,23.63,Lluvia,15000,10.82
2024-03-12,HZ-Salsa-Roja-200g,CEDI_Bajio,192,1478,5,0,23.28,Tormenta,15000,9.96
2024-03-12,HZ-Mole-Poblano-250g,CEDI_Norte,102,842,3,0,23.96,Despejado,8000,8.9
2024-03-12,HZ-Mole-Poblano-250g,CEDI_Sur,115,1509,5,0,22.97,Despejado,8000,10.19
2024-03-12,HZ-Mole-Poblano-250g,CEDI_Occidente,81,586,5,0,23.62,Tormenta,8000,9.53
2024-03-12,HZ-Mole-Poblano-250g,CEDI_Bajio,113,496,5,0,23.77,Despejado,8000,9.22
2024-03-12,HZ-Atun-Agua-140g,CEDI_Norte,88,1540,3,0,23.46,Lluvia,8000,9.02
2024-03-12,HZ-Atun-Agua-140g,CEDI_Sur,103,1032,5,0,23.19,Despejado,8000,10.2
2024-03-12,HZ-Atun-Agua-140g,CEDI_Occidente,80,1688,5,0,23.13,Despejado,8000,9.8
2024-03-12,HZ-Atun-Agua-140g,CEDI_Bajio,105,1763,5,0,23.44,Despejado,8000,11.49
2024-03-12,HZ-Champiñones-380g,CEDI_Norte,96,1599,3,0,23.71,Despejado,8000,10.4
2024-03-12,HZ-Champiñones-380g,CEDI_Sur,87,791,5,0,23.23,Despejado,8000,10.89
2024-03-12,HZ-Champiñones-380g,CEDI_Occidente,91,291,5,0,23.44,Despejado,8000,10.06
2024-03-12,HZ-Champiñones-380g,CEDI_Bajio,104,1841,5,0,22.9,Despejado,8000,10.46
2024-03-13,HZ-Salsa-Verde-200g,CEDI_Norte,210,1818,3,0,23.35,Tormenta,15000,11.53
2024-03-13,HZ-Salsa-Verde-200g,CEDI_Sur,182,1193,5,0,23.2,Despejado,15000,12.33
2024-03-13,HZ-Salsa-Verde-200g,CEDI_Occidente,216,281,5,0,24.21,Lluvia,15000,11.71
2024-03-13,HZ-Salsa-Verde-200g,CEDI_Bajio,206,1005,5,0,23.48,Despejado,15000,10.76
2024-03-13,HZ-Salsa-Roja-200g,CEDI_Norte,207,1556,3,0,22.83,Despejado,15000,9.53
2024-03-13,HZ-Salsa-Roja-200g,CEDI_Sur,212,589,5,0,24.12,Lluvia,15000,8.3
2024-03-13,HZ-Salsa-Roja-200g,CEDI_Occidente,173,1696,5,0,23.8,Despejado,15000,11.81
2024-03-13,HZ-Salsa-Roja-200g,CEDI_Bajio,187,1455,5,0,23.98,Despejado,15000,10.45
2024-03-13,HZ-Mole-Poblano-250g,CEDI_Norte,87,819,3,0,24.26,Lluvia,8000,11.01
2024-03-13,HZ-Mole-Poblano-250g,CEDI_Sur,105,832,5,0,23.09,Despejado,8000,10.7
2024-03-13,HZ-Mole-Poblano-250g,CEDI_Occidente,101,1699,5,1,23.26,Despejado,8000,10.17
2024-03-13,HZ-Mole-Poblano-250g,CEDI_Bajio,114,171,5,0,23.42,Lluvia,8000,10.78
2024-03-13,HZ-Atun-Agua-140g,CEDI_Norte,99,1433,3,0,24.06,Despejado,8000,9.7
2024-03-13,HZ-Atun-Agua-140g,CEDI_Sur,101,819,5,0,23.91,Despejado,8000,11.08
2024-03-13,HZ-Atun-Agua-140g,CEDI_Occidente,100,510,5,0,23.9,Despejado,8000,11.35
2024-03-13,HZ-Atun-Agua-140g,CEDI_Bajio,85,1103,5,1,24.14,Despejado,8000,11.17
2024-03-13,HZ-Champiñones-380g,CEDI_Norte,99,178,3,0,23.32,Despejado,8000,11.11
2024-03-13,HZ-Champiñones-380g,CEDI_Sur,114,522,5,0,23.86,Despejado,8000,11.95
2024-03-13,HZ-Champiñones-380g,CEDI_Occidente,96,549,5,0,23.62,Lluvia,8000,10.74
2024-03-13,HZ-Champiñones-380g,CEDI_Bajio,108,1985,5,0,23.86,Tormenta,8000,10.13
2024-03-14,HZ-Salsa-Verde-200g,CEDI_Norte,194,1093,3,0,23.27,Despejado,15000,10.14
2024-03-14,HZ-Salsa-Verde-200g,CEDI_Sur,185,322,5,0,24.61,Despejado,15000,10.2
2024-03-14,HZ-Salsa-Verde-200g,CEDI_Occidente,203,949,5,0,24.76,Despejado,15000,10.16
2024-03-14,HZ-Salsa-Verde-200g,CEDI_Bajio,206,713,5,0,23.85,Lluvia,15000,11.46
2024-03-14,HZ-Salsa-Roja-200g,CEDI_Norte,201,789,3,0,23.06,Despejado,15000,11.28
2024-03-14,HZ-Salsa-Roja-200g,CEDI_Sur,172,1376,5,1,23.59,Despejado,15000,11.08
2024-03-14,HZ-Salsa-Roja-200g,CEDI_Occidente,206,448,5,0,23.31,Despejado,15000,11.59
2024-03-14,HZ-Salsa-Roja-200g,CEDI_Bajio,204,1646,5,1,23.76,Despejado,15000,9.64
2024-03-14,HZ-Mole-Poblano-250g,CEDI_Norte,102,1950,3,0,23.21,Despejado,8000,9.2
2024-03-14,HZ-Mole-Poblano-250g,CEDI_Sur,99,753,5,0,23.49,Despejado,8000,12.27
2024-03-14,HZ-Mole-Poblano-250g,CEDI_Occidente,107,1255,5,0,23.36,Tormenta,8000,9.5
2024-03-14,HZ-Mole-Poblano-250g,CEDI_Bajio,99,1481,5,0,23.01,Despejado,8000,9.61
2024-03-14,HZ-Atun-Agua-140g,CEDI_Norte,116,1921,3,0,24.08,Despejado,8000,10.26
2024-03-14,HZ-Atun-Agua-140g,CEDI_Sur,88,1692,5,0,22.29,Despejado,8000,11.38
2024-03-14,HZ-Atun-Agua-140g,CEDI_Occidente,115,1833,5,0,24.08,Lluvia,8000,10.12
2024-03-14,HZ-Atun-Agua-140g,CEDI_Bajio,104,70,5,0,22.94,Despejado,8000,11.07
2024-03-14,HZ-Champiñones-380g,CEDI_Norte,99,433,3,1,23.2,Despejado,8000,12.13
2024-03-14,HZ-Champiñones-380g,CEDI_Sur,105,1737,5,0,23.71,Despejado,8000,11.19
2024-03-14,HZ-Champiñones-380g,CEDI_Occidente,106,1015,5,0,23.38,Despejado,8000,11.65
2024-03-14,HZ-Champiñones-380g,CEDI_Bajio,105,891,5,0,24.38,Despejado,8000,9.47
2024-03-15,HZ-Salsa-Verde-200g,CEDI_Norte,172,620,3,0,23.18,Despejado,15000,9.7
2024-03-15,HZ-Salsa-Verde-200g,CEDI_Sur,193,263,5,0,23.68,Despejado,15000,9.66
2024-03-15,HZ-Salsa-Verde-200g,CEDI_Occidente,202,930,5,0,23.47,Tormenta,15000,9.76
2024-03-15,HZ-Salsa-Verde-200g,CEDI_Bajio,201,823,5,0,22.4,Despejado,15000,9.46
2024-03-15,HZ-Salsa-Roja-200g,CEDI_Norte,198,317,3,0,23.96,Despejado,15000,9.83
2024-03-15,HZ-Salsa-Roja-200g,CEDI_Sur,205,608,5,0,23.52,Despejado,15000,11.46
2024-03-15,HZ-Salsa-Roja-200g,CEDI_Occidente,202,897,5,1,23.37,Tormenta,15000,10.98
2024-03-15,HZ-Salsa-Roja-200g,CEDI_Bajio,182,1073,5,0,23.89,Despejado,15000,11.07
2024-03-15,HZ-Mole-Poblano-250g,CEDI_Norte,112,1980,3,0,23.46,Tormenta,8000,10.95
2024-03-15,HZ-Mole-Poblano-250g,CEDI_Sur,105,1333,5,1,23.69,Despejado,8000,9.73
2024-03-15,HZ-Mole-Poblano-250g,CEDI_Occidente,91,276,5,0,23.64,Despejado,8000,10.8
2024-03-15,HZ-Mole-Poblano-250g,CEDI_Bajio,106,1468,5,1,22.84,Despejado,8000,11.58
2024-03-15,HZ-Atun-Agua-140g,CEDI_Norte,110,1871,3,0,23.92,Despejado,8000,11.05
2024-03-15,HZ-Atun-Agua-140g,CEDI_Sur,92,90,5,0,23.72,Despejado,8000,9.29
2024-03-15,HZ-Atun-Agua-140g,CEDI_Occidente,102,669,5,0,23.52,Despejado,8000,10.64
2024-03-15,HZ-Atun-Agua-140g,CEDI_Bajio,105,985,5,0,23.04,Despejado,8000,11.0
2024-03-15,HZ-Champiñones-380g,CEDI_Norte,82,491,3,0,23.0,Despejado,8000,9.82
2024-03-15,HZ-Champiñones-380g,CEDI_Sur,94,1727,5,1,23.84,Despejado,8000,9.91
2024-03-15,HZ-Champiñones-380g,CEDI_Occidente,115,695,5,0,23.02,Despejado,8000,10.65
2024-03-15,HZ-Champiñones-380g,CEDI_Bajio,99,889,5,0,24.15,Despejado,8000,10.12
2024-03-16,HZ-Salsa-Verde-200g,CEDI_Norte,181,1695,3,1,23.87,Despejado,15000,11.12
2024-03-16,HZ-Salsa-Verde-200g,CEDI_Sur,192,1581,5,0,22.76,Despejado,15000,10.24
2024-03-16,HZ-Salsa-Verde-200g,CEDI_Occidente,173,314,5,0,22.56,Despejado,15000,10.2
2024-03-16,HZ-Salsa-Verde-200g,CEDI_Bajio,191,271,5,0,23.32,Despejado,15000,11.29
2024-03-16,HZ-Salsa-Roja-200g,CEDI_Norte,201,481,3,0,23.54,Despejado,15000,11.66
2024-03-16,HZ-Salsa-Roja-200g,CEDI_Sur,215,1062,5,0,23.63,Lluvia,15000,11.14
2024-03-16,HZ-Salsa-Roja-200g,CEDI_Occidente,219,1374,5,0,22.94,Despejado,15000,10.39
2024-03-16,HZ-Salsa-Roja-200g,CEDI_Bajio,184,582,5,0,24.32,Despejado,15000,11.24
2024-03-16,HZ-Mole-Poblano-250g,CEDI_Norte,100,1479,3,0,23.4,Tormenta,8000,8.75
2024-03-16,HZ-Mole-Poblano-250g,CEDI_Sur,93,263,5,0,23.28,Despejado,8000,8.29
2024-03-16,HZ-Mole-Poblano-250g,CEDI_Occidente,87,1522,5,0,24.65,Despejado,8000,9.99
2024-03-16,HZ-Mole-Poblano-250g,CEDI_Bajio,98,1762,5,0,23.35,Lluvia,8000,9.75
2024-03-16,HZ-Atun-Agua-140g,CEDI_Norte,102,1436,3,0,23.91,Despejado,8000,9.92
2024-03-16,HZ-Atun-Agua-140g,CEDI_Sur,110,1644,5,0,23.49,Lluvia,8000,11.58
2024-03-16,HZ-Atun-Agua-140g,CEDI_Occidente,93,1693,5,0,23.67,Despejado,8000,11.27
2024-03-16,HZ-Atun-Agua-140g,CEDI_Bajio,105,651,5,1,23.26,Despejado,8000,10.65
2024-03-16,HZ-Champiñones-380g,CEDI_Norte,80,899,3,0,24.04,Despejado,8000,11.09
2024-03-16,HZ-Champiñones-380g,CEDI_Sur,84,985,5,0,23.76,Despejado,8000,10.33
2024-03-16,HZ-Champiñones-380g,CEDI_Occidente,105,1916,5,0,22.93,Despejado,8000,10.51
2024-03-16,HZ-Champiñones-380g,CEDI_Bajio,88,503,5,0,22.93,Despejado,8000,10.61
2024-03-17,HZ-Salsa-Verde-200g,CEDI_Norte,197,1906,3,0,23.9,Lluvia,15000,10.3
2024-03-17,HZ-Salsa-Verde-200g,CEDI_Sur,187,1481,5,0,23.74,Despejado,15000,11.35
2024-03-17,HZ-Salsa-Verde-200g,CEDI_Occidente,207,1707,5,0,23.22,Despejado,15000,9.17
2024-03-17,HZ-Salsa-Verde-200g,CEDI_Bajio,203,72,5,0,22.58,Despejado,15000,11.67
2024-03-17,HZ-Salsa-Roja-200g,CEDI_Norte,209,728,3,0,23.72,Despejado,15000,9.47
2024-03-17,HZ-Salsa-Roja-200g,CEDI_Sur,193,963,5,0,23.22,Despejado,15000,10.29
2024-03-17,HZ-Salsa-Roja-200g,CEDI_Occidente,192,374,5,0,23.64,Despejado,15000,11.66
2024-03-17,HZ-Salsa-Roja-200g,CEDI_Bajio,179,1507,5,0,23.5,Tormenta,15000,10.02
2024-03-17,HZ-Mole-Poblano-250g,CEDI_Norte,97,412,3,0,23.37,Despejado,8000,12.1
2024-03-17,HZ-Mole-Poblano-250g,CEDI_Sur,115,219,5,0,22.19,Tormenta,8000,9.28
2024-03-17,HZ-Mole-Poblano-250g,CEDI_Occidente,101,108,5,1,22.73,Despejado,8000,9.01
2024-03-17,HZ-Mole-Poblano-250g,CEDI_Bajio,101,354,5,0,23.24,Lluvia,8000,9.82
2024-03-17,HZ-Atun-Agua-140g,CEDI_Norte,96,1182,3,0,23.42,Despejado,8000,10.03
2024-03-17,HZ-Atun-Agua-140g,CEDI_Sur,95,1353,5,1,23.66,Despejado,8000,10.14
2024-03-17,HZ-Atun-Agua-140g,CEDI_Occidente,109,1923,5,0,24.48,Despejado,8000,11.63
2024-03-17,HZ-Atun-Agua-140g,CEDI_Bajio,97,706,5,0,24.33,Despejado,8000,12.06
2024-03-17,HZ-Champiñones-380g,CEDI_Norte,99,1831,3,0,23.63,Despejado,8000,10.16
2024-03-17,HZ-Champiñones-380g,CEDI_Sur,88,1377,5,0,23.47,Despejado,8000,12.14
2024-03-17,HZ-Champiñones-380g,CEDI_Occidente,100,1289,5,0,23.87,Despejado,8000,10.69
2024-03-17,HZ-Champiñones-380g,CEDI_Bajio,99,1760,5,0,23.78,Despejado,8000,10.59
2024-03-18,HZ-Salsa-Verde-200g,CEDI_Norte,179,1922,3,0,22.99,Despejado,15000,9.71
2024-03-18,HZ-Salsa-Verde-200g,CEDI_Sur,189,992,5,0,24.48,Lluvia,15000,10.26
2024-03-18,HZ-Salsa-Verde-200g,CEDI_Occidente,208,175,5,0,23.24,Lluvia,15000,11.51
2024-03-18,HZ-Salsa-Verde-200g,CEDI_Bajio,201,1236,5,1,23.98,Despejado,15000,11.01
2024-03-18,HZ-Salsa-Roja-200g,CEDI_Norte,216,1622,3,0,23.59,Lluvia,15000,10.65
2024-03-18,HZ-Salsa-Roja-200g,CEDI_Sur,179,851,5,0,22.68,Despejado,15000,8.87
2024-03-18,HZ-Salsa-Roja-200g,CEDI_Occidente,194,237,5,0,23.14,Lluvia,15000,10.84
2024-03-18,HZ-Salsa-Roja-200g,CEDI_Bajio,189,371,5,0,22.7,Despejado,15000,9.74
2024-03-18,HZ-Mole-Poblano-250g,CEDI_Norte,93,1023,3,0,24.08,Despejado,8000,10.78
2024-03-18,HZ-Mole-Poblano-250g,CEDI_Sur,91,1476,5,0,23.07,Lluvia,8000,10.84
2024-03-18,HZ-Mole-Poblano-250g,CEDI_Occidente,100,1083,5,0,24.53,Despejado,8000,11.32
2024-03-18,HZ-Mole-Poblano-250g,CEDI_Bajio,99,102,5,0,24.03,Despejado,8000,13.26
2024-03-18,HZ-Atun-Agua-140g,CEDI_Norte,109,1704,3,0,23.02,Despejado,8000,11.44
2024-03-18,HZ-Atun-Agua-140g,CEDI_Sur,85,1934,5,0,23.98,Despejado,8000,9.47
2024-03-18,HZ-Atun-Agua-140g,CEDI_Occidente,111,374,5,1,23.42,Despejado,8000,10.65
2024-03-18,HZ-Atun-Agua-140g,CEDI_Bajio,113,1923,5,1,23.93,Despejado,8000,10.36
2024-03-18,HZ-Champiñones-380g,CEDI_Norte,127,1771,3,0,23.87,Lluvia,8000,10.61
2024-03-18,HZ-Champiñones-380g,CEDI_Sur,105,1798,5,0,23.6,Lluvia,8000,10.57
2024-03-18,HZ-Champiñones-380g,CEDI_Occidente,123,1679,5,0,24.62,Tormenta,8000,10.09
2024-03-18,HZ-Champiñones-380g,CEDI_Bajio,85,920,5,0,22.78,Despejado,8000,8.2
2024-03-19,HZ-Salsa-Verde-200g,CEDI_Norte,195,941,3,1,23.61,Despejado,15000,9.17
2024-03-19,HZ-Salsa-Verde-200g,CEDI_Sur,209,1239,5,0,23.36,Despejado,15000,10.87
2024-03-19,HZ-Salsa-Verde-200g,CEDI_Occidente,204,1801,5,1,23.69,Tormenta,15000,9.91
2024-03-19,HZ-Salsa-Verde-200g,CEDI_Bajio,169,871,5,0,23.34,Despejado,15000,11.1
2024-03-19,HZ-Salsa-Roja-200g,CEDI_Norte,171,1723,3,0,23.65,Despejado,15000,9.87
2024-03-19,HZ-Salsa-Roja-200g,CEDI_Sur,223,1922,5,0,23.39,Despejado,15000,7.86
2024-03-19,HZ-Salsa-Roja-200g,CEDI_Occidente,201,1609,5,0,24.21,Despejado,15000,9.95
2024-03-19,HZ-Salsa-Roja-200g,CEDI_Bajio,190,1677,5,1,23.84,Despejado,15000,11.09
2024-03-19,HZ-Mole-Poblano-250g,CEDI_Norte,93,1574,3,0,23.08,Despejado,8000,11.23
2024-03-19,HZ-Mole-Poblano-250g,CEDI_Sur,102,422,5,0,23.84,Despejado,8000,11.18
2024-03-19,HZ-Mole-Poblano-250g,CEDI_Occidente,97,244,5,0,23.58,Despejado,8000,11.14
2024-03-19,HZ-Mole-Poblano-250g,CEDI_Bajio,80,565,5,1,23.51,Tormenta,8000,10.73
2024-03-19,HZ-Atun-Agua-140g,CEDI_Norte,82,1644,3,0,23.92,Lluvia,8000,10.75
2024-03-19,HZ-Atun-Agua-140g,CEDI_Sur,94,510,5,0,22.85,Despejado,8000,12.08
2024-03-19,HZ-Atun-Agua-140g,CEDI_Occidente,93,613,5,0,23.65,Despejado,8000,12.25
2024-03-19,HZ-Atun-Agua-140g,CEDI_Bajio,106,1955,5,0,23.08,Despejado,8000,12.59
2024-03-19,HZ-Champiñones-380g,CEDI_Norte,125,64,3,0,23.83,Lluvia,8000,10.68
2024-03-19,HZ-Champiñones-380g,CEDI_Sur,101,1296,5,0,23.4,Despejado,8000,9.27
2024-03-19,HZ-Champiñones-380g,CEDI_Occidente,112,1655,5,0,23.49,Despejado,8000,12.78
2024-03-19,HZ-Champiñones-380g,CEDI_Bajio,123,1405,5,0,24.51,Despejado,8000,9.14
2024-03-20,HZ-Salsa-Verde-200g,CEDI_Norte,186,1644,3,0,23.08,Tormenta,15000,12.08
2024-03-20,HZ-Salsa-Verde-200g,CEDI_Sur,217,544,5,0,24.24,Tormenta,15000,10.28
2024-03-20,HZ-Salsa-Verde-200g,CEDI_Occidente,212,1117,5,0,22.87,Despejado,15000,11.1
2024-03-20,HZ-Salsa-Verde-200g,CEDI_Bajio,217,1676,5,0,23.22,Lluvia,15000,9.04
2024-03-20,HZ-Salsa-Roja-200g,CEDI_Norte,234,650,3,0,22.83,Lluvia,15000,8.9
2024-03-20,HZ-Salsa-Roja-200g,CEDI_Sur,203,323,5,1,24.12,Despejado,15000,8.58
2024-03-20,HZ-Salsa-Roja-200g,CEDI_Occidente,211,1266,5,0,23.3,Tormenta,15000,11.19
2024-03-20,HZ-Salsa-Roja-200g,CEDI_Bajio,203,996,5,0,23.96,Despejado,15000,10.03
2024-03-20,HZ-Mole-Poblano-250g,CEDI_Norte,98,203,3,1,24.21,Despejado,8000,10.09
2024-03-20,HZ-Mole-Poblano-250g,CEDI_Sur,100,270,5,0,23.87,Despejado,8000,8.87
2024-03-20,HZ-Mole-Poblano-250g,CEDI_Occidente,104,1963,5,1,22.2,Lluvia,8000,10.7
2024-03-20,HZ-Mole-Poblano-250g,CEDI_Bajio,111,1043,5,0,24.03,Despejado,8000,10.02
2024-03-20,HZ-Atun-Agua-140g,CEDI_Norte,99,677,3,0,23.85,Despejado,8000,7.94
2024-03-20,HZ-Atun-Agua-140g,CEDI_Sur,94,1588,5,1,24.05,Despejado,8000,9.59
2024-03-20,HZ-Atun-Agua-140g,CEDI_Occidente,97,1899,5,0,24.1,Lluvia,8000,9.52
2024-03-20,HZ-Atun-Agua-140g,CEDI_Bajio,90,1452,5,1,22.81,Lluvia,8000,10.04
2024-03-20,HZ-Champiñones-380g,CEDI_Norte,101,321,3,0,24.4,Despejado,8000,10.88
2024-03-20,HZ-Champiñones-380g,CEDI_Sur,109,1724,5,0,22.38,Tormenta,8000,10.21
2024-03-20,HZ-Champiñones-380g,CEDI_Occidente,104,918,5,0,24.5,Despejado,8000,13.61
2024-03-20,HZ-Champiñones-380g,CEDI_Bajio,119,153,5,0,23.29,Despejado,8000,11.44
2024-03-21,HZ-Salsa-Verde-200g,CEDI_Norte,169,631,3,0,24.03,Despejado,15000,11.44
2024-03-21,HZ-Salsa-Verde-200g,CEDI_Sur,231,1012,5,0,22.28,Tormenta,15000,10.64
2024-03-21,HZ-Salsa-Verde-200g,CEDI_Occidente,181,1874,5,1,22.74,Lluvia,15000,10.14
2024-03-21,HZ-Salsa-Verde-200g,CEDI_Bajio,215,1241,5,0,24.41,Lluvia,15000,10.54
2024-03-21,HZ-Salsa-Roja-200g,CEDI_Norte,185,1556,3,1,23.71,Lluvia,15000,10.2
2024-03-21,HZ-Salsa-Roja-200g,CEDI_Sur,207,1587,5,1,24.03,Despejado,15000,11.12
2024-03-21,HZ-Salsa-Roja-200g,CEDI_Occidente,205,1857,5,1,22.83,Despejado,15000,11.18
2024-03-21,HZ-Salsa-Roja-200g,CEDI_Bajio,186,1638,5,0,24.12,Despejado,15000,8.98
2024-03-21,HZ-Mole-Poblano-250g,CEDI_Norte,107,167,3,0,23.16,Despejado,8000,10.27
2024-03-21,HZ-Mole-Poblano-250g,CEDI_Sur,105,608,5,0,23.22,Lluvia,8000,10.84
2024-03-21,HZ-Mole-Poblano-250g,CEDI_Occidente,109,453,5,0,23.25,Tormenta,8000,8.83
2024-03-21,HZ-Mole-Poblano-250g,CEDI_Bajio,81,66,5,0,23.69,Despejado,8000,10.54
2024-03-21,HZ-Atun-Agua-140g,CEDI_Norte,90,1804,3,0,23.59,Despejado,8000,9.8
2024-03-21,HZ-Atun-Agua-140g,CEDI_Sur,107,1865,5,0,23.54,Despejado,8000,10.9
2024-03-21,HZ-Atun-Agua-140g,CEDI_Occidente,94,1181,5,0,23.56,Despejado,8000,9.62
2024-03-21,HZ-Atun-Agua-140g,CEDI_Bajio,106,1356,5,0,23.91,Despejado,8000,12.04
2024-03-21,HZ-Champiñones-380g,CEDI_Norte,93,462,3,0,23.43,Despejado,8000,9.49
2024-03-21,HZ-Champiñones-380g,CEDI_Sur,104,333,5,0,23.81,Despejado,8000,10.34
2024-03-21,HZ-Champiñones-380g,CEDI_Occidente,120,1146,5,0,23.78,Tormenta,8000,9.48
2024-03-21,HZ-Champiñones-380g,CEDI_Bajio,85,103,5,0,23.68,Lluvia,8000,10.8
2024-03-22,HZ-Salsa-Verde-200g,CEDI_Norte,200,964,3,0,24.28,Despejado,15000,11.79
2024-03-22,HZ-Salsa-Verde-200g,CEDI_Sur,209,418,5,0,23.46,Despejado,15000,10.26
2024-03-22,HZ-Salsa-Verde-200g,CEDI_Occidente,175,252,5,0,23.84,Despejado,15000,11.99
2024-03-22,HZ-Salsa-Verde-200g,CEDI_Bajio,176,1723,5,1,23.43,Despejado,15000,8.09
2024-03-22,HZ-Salsa-Roja-200g,CEDI_Norte,213,919,3,0,23.58,Despejado,15000,12.21
2024-03-22,HZ-Salsa-Roja-200g,CEDI_Sur,195,439,5,0,23.93,Tormenta,15000,10.11
2024-03-22,HZ-Salsa-Roja-200g,CEDI_Occidente,218,1260,5,0,22.83,Lluvia,15000,11.19
2024-03-22,HZ-Salsa-Roja-200g,CEDI_Bajio,197,1325,5,0,23.3,Despejado,15000,11.9
2024-03-22,HZ-Mole-Poblano-250g,CEDI_Norte,109,1278,3,0,23.15,Despejado,8000,10.5
2024-03-22,HZ-Mole-Poblano-250g,CEDI_Sur,118,872,5,0,23.49,Tormenta,8000,10.35
2024-03-22,HZ-Mole-Poblano-250g,CEDI_Occidente,86,763,5,1,23.93,Lluvia,8000,11.46
2024-03-22,HZ-Mole-Poblano-250g,CEDI_Bajio,98,1202,5,0,23.55,Despejado,8000,8.84
2024-03-22,HZ-Atun-Agua-140g,CEDI_Norte,96,101,3,1,23.25,Lluvia,8000,11.07
2024-03-22,HZ-Atun-Agua-140g,CEDI_Sur,109,1250,5,0,23.39,Despejado,8000,9.65
2024-03-22,HZ-Atun-Agua-140g,CEDI_Occidente,100,679,5,0,23.34,Despejado,8000,11.3
2024-03-22,HZ-Atun-Agua-140g,CEDI_Bajio,97,506,5,0,23.01,Despejado,8000,11.03
2024-03-22,HZ-Champiñones-380g,CEDI_Norte,91,1474,3,0,23.55,Lluvia,8000,11.62
2024-03-22,HZ-Champiñones-380g,CEDI_Sur,94,1487,5,0,23.15,Despejado,8000,9.24
2024-03-22,HZ-Champiñones-380g,CEDI_Occidente,91,1613,5,0,23.25,Despejado,8000,9.84
2024-03-22,HZ-Champiñones-380g,CEDI_Bajio,95,1737,5,0,22.45,Despejado,8000,11.91
2024-03-23,HZ-Salsa-Verde-200g,CEDI_Norte,202,224,3,0,23.19,Despejado,15000,9.44
2024-03-23,HZ-Salsa-Verde-200g,CEDI_Sur,203,288,5,0,23.04,Despejado,15000,10.76
2024-03-23,HZ-Salsa-Verde-200g,CEDI_Occidente,183,120,5,0,23.87,Lluvia,15000,11.61
2024-03-23,HZ-Salsa-Verde-200g,CEDI_Bajio,232,1647,5,0,23.48,Despejado,15000,9.74
2024-03-23,HZ-Salsa-Roja-200g,CEDI_Norte,205,1453,3,1,23.96,Lluvia,15000,11.57
2024-03-23,HZ-Salsa-Roja-200g,CEDI_Sur,199,474,5,0,24.05,Despejado,15000,9.87
2024-03-23,HZ-Salsa-Roja-200g,CEDI_Occidente,185,478,5,0,23.48,Despejado,15000,10.3
2024-03-23,HZ-Salsa-Roja-200g,CEDI_Bajio,187,567,5,0,23.75,Despejado,15000,10.54
2024-03-23,HZ-Mole-Poblano-250g,CEDI_Norte,104,883,3,0,23.12,Lluvia,8000,10.41
2024-03-23,HZ-Mole-Poblano-250g,CEDI_Sur,103,693,5,0,23.95,Lluvia,8000,11.77
2024-03-23,HZ-Mole-Poblano-250g,CEDI_Occidente,105,397,5,0,23.55,Despejado,8000,9.92
2024-03-23,HZ-Mole-Poblano-250g,CEDI_Bajio,101,1903,5,0,22.93,Despejado,8000,10.56
2024-03-23,HZ-Atun-Agua-140g,CEDI_Norte,103,632,3,0,22.93,Despejado,8000,8.89
2024-03-23,HZ-Atun-Agua-140g,CEDI_Sur,92,1862,5,0,23.6,Despejado,8000,11.44
2024-03-23,HZ-Atun-Agua-140g,CEDI_Occidente,88,1342,5,0,24.18,Despejado,8000,8.74
2024-03-23,HZ-Atun-Agua-140g,CEDI_Bajio,103,783,5,1,22.81,Despejado,8000,10.53
2024-03-23,HZ-Champiñones-380g,CEDI_Norte,106,907,3,0,23.46,Despejado,8000,11.04
2024-03-23,HZ-Champiñones-380g,CEDI_Sur,101,1295,5,0,24.15,Despejado,8000,10.61
2024-03-23,HZ-Champiñones-380g,CEDI_Occidente,93,952,5,0,24.02,Lluvia,8000,11.04
2024-03-23,HZ-Champiñones-380g,CEDI_Bajio,108,1413,5,0,23.18,Despejado,8000,10.96
2024-03-24,HZ-Salsa-Verde-200g,CEDI_Norte,198,942,3,1,23.67,Despejado,15000,8.94
2024-03-24,HZ-Salsa-Verde-200g,CEDI_Sur,207,105,5,0,24.36,Despejado,15000,10.6
2024-03-24,HZ-Salsa-Verde-200g,CEDI_Occidente,207,1337,5,0,23.15,Despejado,15000,10.63
2024-03-24,HZ-Salsa-Verde-200g,CEDI_Bajio,211,507,5,0,24.72,Despejado,15000,9.32
2024-03-24,HZ-Salsa-Roja-200g,CEDI_Norte,220,999,3,0,24.04,Despejado,15000,9.19
2024-03-24,HZ-Salsa-Roja-200g,CEDI_Sur,205,1768,5,0,24.04,Despejado,15000,12.52
2024-03-24,HZ-Salsa-Roja-200g,CEDI_Occidente,218,586,5,0,24.17,Despejado,15000,11.3
2024-03-24,HZ-Salsa-Roja-200g,CEDI_Bajio,182,1121,5,0,23.68,Despejado,15000,8.4
2024-03-24,HZ-Mole-Poblano-250g,CEDI_Norte,104,1541,3,1,23.83,Lluvia,8000,10.51
2024-03-24,HZ-Mole-Poblano-250g,CEDI_Sur,96,937,5,1,23.5,Despejado,8000,9.22
2024-03-24,HZ-Mole-Poblano-250g,CEDI_Occidente,106,507,5,0,23.88,Despejado,8000,11.1
2024-03-24,HZ-Mole-Poblano-250g,CEDI_Bajio,90,1827,5,0,23.33,Despejado,8000,10.84
2024-03-24,HZ-Atun-Agua-140g,CEDI_Norte,109,1116,3,0,24.45,Tormenta,8000,10.04
2024-03-24,HZ-Atun-Agua-140g,CEDI_Sur,114,994,5,0,23.58,Despejado,8000,11.27
2024-03-24,HZ-Atun-Agua-140g,CEDI_Occidente,96,1081,5,0,23.58,Despejado,8000,10.39
2024-03-24,HZ-Atun-Agua-140g,CEDI_Bajio,92,1820,5,0,23.81,Despejado,8000,9.7
2024-03-24,HZ-Champiñones-380g,CEDI_Norte,99,1807,3,0,23.09,Despejado,8000,8.56
2024-03-24,HZ-Champiñones-380g,CEDI_Sur,105,974,5,0,23.17,Despejado,8000,10.32
2024-03-24,HZ-Champiñones-380g,CEDI_Occidente,91,1431,5,1,23.44,Despejado,8000,9.73
2024-03-24,HZ-Champiñones-380g,CEDI_Bajio,86,1992,5,0,22.9,Despejado,8000,9.46
2024-03-25,HZ-Salsa-Verde-200g,CEDI_Norte,181,1122,3,0,23.93,Despejado,15000,12.0
2024-03-25,HZ-Salsa-Verde-200g,CEDI_Sur,199,1201,5,0,22.79,Despejado,15000,11.28
2024-03-25,HZ-Salsa-Verde-200g,CEDI_Occidente,176,1040,5,0,23.0,Despejado,15000,11.48
2024-03-25,HZ-Salsa-Verde-200g,CEDI_Bajio,186,579,5,0,23.74,Despejado,15000,10.87
2024-03-25,HZ-Salsa-Roja-200g,CEDI_Norte,201,898,3,0,22.23,Despejado,15000,12.49
2024-03-25,HZ-Salsa-Roja-200g,CEDI_Sur,202,493,5,0,23.36,Despejado,15000,11.55
2024-03-25,HZ-Salsa-Roja-200g,CEDI_Occidente,198,879,5,1,24.36,Despejado,15000,10.57
2024-03-25,HZ-Salsa-Roja-200g,CEDI_Bajio,218,1624,5,1,23.06,Despejado,15000,11.46
2024-03-25,HZ-Mole-Poblano-250g,CEDI_Norte,112,1524,3,0,23.72,Despejado,8000,10.07
2024-03-25,HZ-Mole-Poblano-250g,CEDI_Sur,102,1279,5,0,24.12,Despejado,8000,9.62
2024-03-25,HZ-Mole-Poblano-250g,CEDI_Occidente,101,432,5,0,23.77,Lluvia,8000,11.73
2024-03-25,HZ-Mole-Poblano-250g,CEDI_Bajio,88,960,5,0,23.0,Tormenta,8000,9.72
2024-03-25,HZ-Atun-Agua-140g,CEDI_Norte,121,364,3,0,23.47,Despejado,8000,11.39
2024-03-25,HZ-Atun-Agua-140g,CEDI_Sur,108,1075,5,0,24.44,Tormenta,8000,10.62
2024-03-25,HZ-Atun-Agua-140g,CEDI_Occidente,96,1411,5,0,23.57,Despejado,8000,8.37
2024-03-25,HZ-Atun-Agua-140g,CEDI_Bajio,116,528,5,0,22.79,Lluvia,8000,11.31
2024-03-25,HZ-Champiñones-380g,CEDI_Norte,109,1793,3,0,23.62,Despejado,8000,9.61
2024-03-25,HZ-Champiñones-380g,CEDI_Sur,89,1305,5,0,23.55,Despejado,8000,9.86
2024-03-25,HZ-Champiñones-380g,CEDI_Occidente,91,1798,5,0,23.41,Despejado,8000,11.17
2024-03-25,HZ-Champiñones-380g,CEDI_Bajio,101,276,5,0,23.0,Despejado,8000,9.27
2024-03-26,HZ-Salsa-Verde-200g,CEDI_Norte,204,233,3,0,23.67,Despejado,15000,11.03
2024-03-26,HZ-Salsa-Verde-200g,CEDI_Sur,209,1567,5,0,23.15,Despejado,15000,10.06
2024-03-26,HZ-Salsa-Verde-200g,CEDI_Occidente,217,865,5,0,23.82,Despejado,15000,10.31
2024-03-26,HZ-Salsa-Verde-200g,CEDI_Bajio,177,1661,5,0,23.18,Tormenta,15000,8.51
2024-03-26,HZ-Salsa-Roja-200g,CEDI_Norte,186,679,3,0,23.91,Despejado,15000,11.32
2024-03-26,HZ-Salsa-Roja-200g,CEDI_Sur,222,1356,5,0,23.03,Despejado,15000,12.25
2024-03-26,HZ-Salsa-Roja-200g,CEDI_Occidente,223,232,5,0,24.34,Tormenta,15000,10.06
2024-03-26,HZ-Salsa-Roja-200g,CEDI_Bajio,204,677,5,0,23.61,Despejado,15000,12.21
2024-03-26,HZ-Mole-Poblano-250g,CEDI_Norte,100,997,3,0,24.08,Despejado,8000,12.32
2024-03-26,HZ-Mole-Poblano-250g,CEDI_Sur,96,1437,5,0,23.77,Lluvia,8000,10.7
2024-03-26,HZ-Mole-Poblano-250g,CEDI_Occidente,102,1625,5,0,23.73,Despejado,8000,11.01
2024-03-26,HZ-Mole-Poblano-250g,CEDI_Bajio,102,105,5,0,22.79,Lluvia,8000,10.94
2024-03-26,HZ-Atun-Agua-140g,CEDI_Norte,109,868,3,0,23.02,Despejado,8000,10.58
2024-03-26,HZ-Atun-Agua-140g,CEDI_Sur,102,1518,5,0,24.18,Despejado,8000,10.14
2024-03-26,HZ-Atun-Agua-140g,CEDI_Occidente,109,723,5,0,23.56,Despejado,8000,10.2
2024-03-26,HZ-Atun-Agua-140g,CEDI_Bajio,91,1906,5,0,23.82,Lluvia,8000,10.81
2024-03-26,HZ-Champiñones-380g,CEDI_Norte,109,1858,3,0,22.74,Lluvia,8000,7.67
2024-03-26,HZ-Champiñones-380g,CEDI_Sur,91,1518,5,0,23.88,Despejado,8000,11.2
2024-03-26,HZ-Champiñones-380g,CEDI_Occidente,90,1782,5,1,23.67,Despejado,8000,12.46
2024-03-26,HZ-Champiñones-380g,CEDI_Bajio,99,759,5,0,22.73,Tormenta,8000,11.59
2024-03-27,HZ-Salsa-Verde-200g,CEDI_Norte,216,605,3,0,23.81,Despejado,15000,10.66
2024-03-27,HZ-Salsa-Verde-200g,CEDI_Sur,175,1685,5,0,23.18,Lluvia,15000,8.64
2024-03-27,HZ-Salsa-Verde-200g,CEDI_Occidente,238,1237,5,0,24.08,Despejado,15000,11.79
2024-03-27,HZ-Salsa-Verde-200g,CEDI_Bajio,196,236,5,0,23.55,Lluvia,15000,8.98
2024-03-27,HZ-Salsa-Roja-200g,CEDI_Norte,178,1856,3,0,23.61,Despejado,15000,11.19
2024-03-27,HZ-Salsa-Roja-200g,CEDI_Sur,196,707,5,0,23.26,Despejado,15000,11.85
2024-03-27,HZ-Salsa-Roja-200g,CEDI_Occidente,221,399,5,0,23.38,Despejado,15000,11.66
2024-03-27,HZ-Salsa-Roja-200g,CEDI_Bajio,223,1219,5,0,22.64,Tormenta,15000,10.86
2024-03-27,HZ-Mole-Poblano-250g,CEDI_Norte,91,496,3,0,23.45,Lluvia,8000,10.92
2024-03-27,HZ-Mole-Poblano-250g,CEDI_Sur,95,503,5,0,23.34,Despejado,8000,9.53
2024-03-27,HZ-Mole-Poblano-250g,CEDI_Occidente,99,1466,5,0,24.14,Despejado,8000,11.59
2024-03-27,HZ-Mole-Poblano-250g,CEDI_Bajio,120,1156,5,1,23.45,Tormenta,8000,7.8
2024-03-27,HZ-Atun-Agua-140g,CEDI_Norte,109,1321,3,0,23.69,Despejado,8000,10.75
2024-03-27,HZ-Atun-Agua-140g,CEDI_Sur,97,1098,5,0,22.93,Despejado,8000,10.84
2024-03-27,HZ-Atun-Agua-140g,CEDI_Occidente,92,893,5,0,23.42,Lluvia,8000,10.47
2024-03-27,HZ-Atun-Agua-140g,CEDI_Bajio,109,288,5,0,22.63,Tormenta,8000,11.99
2024-03-27,HZ-Champiñones-380g,CEDI_Norte,101,332,3,0,23.22,Despejado,8000,10.88
2024-03-27,HZ-Champiñones-380g,CEDI_Sur,90,190,5,0,23.2,Despejado,8000,11.16
2024-03-27,HZ-Champiñones-380g,CEDI_Occidente,84,1934,5,0,23.0,Despejado,8000,9.53
2024-03-27,HZ-Champiñones-380g,CEDI_Bajio,105,1454,5,0,22.98,Despejado,8000,8.87
2024-03-28,HZ-Salsa-Verde-200g,CEDI_Norte,184,113,3,0,23.55,Lluvia,15000,11.37
2024-03-28,HZ-Salsa-Verde-200g,CEDI_Sur,194,273,5,0,24.28,Despejado,15000,9.64
2024-03-28,HZ-Salsa-Verde-200g,CEDI_Occidente,206,583,5,0,23.13,Despejado,15000,10.13
2024-03-28,HZ-Salsa-Verde-200g,CEDI_Bajio,206,1408,5,0,23.99,Despejado,15000,11.02
2024-03-28,HZ-Salsa-Roja-200g,CEDI_Norte,184,1750,3,0,23.47,Despejado,15000,10.03
2024-03-28,HZ-Salsa-Roja-200g,CEDI_Sur,180,1232,5,0,24.03,Despejado,15000,10.72
2024-03-28,HZ-Salsa-Roja-200g,CEDI_Occidente,199,1957,5,0,24.27,Despejado,15000,11.61
2024-03-28,HZ-Salsa-Roja-200g,CEDI_Bajio,206,976,5,0,23.61,Lluvia,15000,11.78
2024-03-28,HZ-Mole-Poblano-250g,CEDI_Norte,91,1459,3,0,23.14,Despejado,8000,10.52
2024-03-28,HZ-Mole-Poblano-250g,CEDI_Sur,87,844,5,0,24.31,Despejado,8000,11.42
2024-03-28,HZ-Mole-Poblano-250g,CEDI_Occidente,98,1866,5,0,23.84,Despejado,8000,10.44
2024-03-28,HZ-Mole-Poblano-250g,CEDI_Bajio,105,352,5,0,23.64,Lluvia,8000,9.51
2024-03-28,HZ-Atun-Agua-140g,CEDI_Norte,95,1395,3,0,24.1,Lluvia,8000,10.98
2024-03-28,HZ-Atun-Agua-140g,CEDI_Sur,99,1508,5,0,23.23,Despejado,8000,9.63
2024-03-28,HZ-Atun-Agua-140g,CEDI_Occidente,128,573,5,0,23.86,Lluvia,8000,8.39
2024-03-28,HZ-Atun-Agua-140g,CEDI_Bajio,87,363,5,0,23.72,Despejado,8000,9.77
2024-03-28,HZ-Champiñones-380g,CEDI_Norte,101,1429,3,0,23.94,Despejado,8000,10.0
2024-03-28,HZ-Champiñones-380g,CEDI_Sur,102,1950,5,0,23.83,Despejado,8000,9.36
2024-03-28,HZ-Champiñones-380g,CEDI_Occidente,103,759,5,0,23.46,Despejado,8000,7.31
2024-03-28,HZ-Champiñones-380g,CEDI_Bajio,115,817,5,0,23.04,Despejado,8000,11.86
2024-03-29,HZ-Salsa-Verde-200g,CEDI_Norte,203,375,3,0,24.28,Tormenta,15000,9.41
2024-03-29,HZ-Salsa-Verde-200g,CEDI_Sur,188,690,5,0,23.48,Despejado,15000,10.77
2024-03-29,HZ-Salsa-Verde-200g,CEDI_Occidente,203,107,5,0,23.44,Lluvia,15000,8.49
2024-03-29,HZ-Salsa-Verde-200g,CEDI_Bajio,204,1746,5,0,23.61,Despejado,15000,9.47
2024-03-29,HZ-Salsa-Roja-200g,CEDI_Norte,208,1845,3,0,23.84,Lluvia,15000,11.6
2024-03-29,HZ-Salsa-Roja-200g,CEDI_Sur,192,926,5,0,23.35,Tormenta,15000,10.26
2024-03-29,HZ-Salsa-Roja-200g,CEDI_Occidente,179,348,5,0,23.84,Lluvia,15000,11.7
2024-03-29,HZ-Salsa-Roja-200g,CEDI_Bajio,173,1115,5,0,23.5,Despejado,15000,9.91
2024-03-29,HZ-Mole-Poblano-250g,CEDI_Norte,92,1293,3,1,23.67,Lluvia,8000,11.79
2024-03-29,HZ-Mole-Poblano-250g,CEDI_Sur,96,1390,5,1,24.01,Despejado,8000,11.25
2024-03-29,HZ-Mole-Poblano-250g,CEDI_Occidente,120,1894,5,0,22.99,Despejado,8000,11.73
2024-03-29,HZ-Mole-Poblano-250g,CEDI_Bajio,97,415,5,0,23.91,Lluvia,8000,8.39
2024-03-29,HZ-Atun-Agua-140g,CEDI_Norte,94,362,3,0,23.41,Despejado,8000,10.01
2024-03-29,HZ-Atun-Agua-140g,CEDI_Sur,89,322,5,0,23.43,Tormenta,8000,11.56
2024-03-29,HZ-Atun-Agua-140g,CEDI_Occidente,103,555,5,0,23.7,Despejado,8000,10.63
2024-03-29,HZ-Atun-Agua-140g,CEDI_Bajio,99,430,5,0,23.3,Despejado,8000,11.23
2024-03-29,HZ-Champiñones-380g,CEDI_Norte,105,693,3,0,23.54,Despejado,8000,9.82
2024-03-29,HZ-Champiñones-380g,CEDI_Sur,113,1838,5,0,23.64,Despejado,8000,8.64
2024-03-29,HZ-Champiñones-380g,CEDI_Occidente,103,1229,5,0,23.46,Despejado,8000,10.42
2024-03-29,HZ-Champiñones-380g,CEDI_Bajio,103,353,5,0,23.64,Despejado,8000,7.16
2024-03-30,HZ-Salsa-Verde-200g,CEDI_Norte,192,317,3,0,23.15,Tormenta,15000,11.4
2024-03-30,HZ-Salsa-Verde-200g,CEDI_Sur,181,648,5,0,24.27,Lluvia,15000,8.92
2024-03-30,HZ-Salsa-Verde-200g,CEDI_Occidente,199,1839,5,1,23.39,Lluvia,15000,12.55
2024-03-30,HZ-Salsa-Verde-200g,CEDI_Bajio,232,954,5,1,22.53,Despejado,15000,11.37
2024-03-30,HZ-Salsa-Roja-200g,CEDI_Norte,181,1795,3,0,23.35,Despejado,15000,9.05
2024-03-30,HZ-Salsa-Roja-200g,CEDI_Sur,215,771,5,0,23.12,Despejado,15000,10.51
2024-03-30,HZ-Salsa-Roja-200g,CEDI_Occidente,227,552,5,0,23.76,Despejado,15000,10.4
2024-03-30,HZ-Salsa-Roja-200g,CEDI_Bajio,204,1704,5,0,23.75,Despejado,15000,11.06
2024-03-30,HZ-Mole-Poblano-250g,CEDI_Norte,111,939,3,0,22.89,Despejado,8000,10.29
2024-03-30,HZ-Mole-Poblano-250g,CEDI_Sur,90,1591,5,0,23.33,Despejado,8000,11.08
2024-03-30,HZ-Mole-Poblano-250g,CEDI_Occidente,99,500,5,0,24.35,Lluvia,8000,12.4
2024-03-30,HZ-Mole-Poblano-250g,CEDI_Bajio,102,1066,5,1,23.8,Tormenta,8000,11.02
2024-03-30,HZ-Atun-Agua-140g,CEDI_Norte,101,315,3,1,23.26,Despejado,8000,11.32
2024-03-30,HZ-Atun-Agua-140g,CEDI_Sur,89,1739,5,0,23.04,Despejado,8000,11.0
2024-03-30,HZ-Atun-Agua-140g,CEDI_Occidente,106,1098,5,0,23.99,Despejado,8000,8.39
2024-03-30,HZ-Atun-Agua-140g,CEDI_Bajio,104,160,5,0,23.98,Despejado,8000,12.33
2024-03-30,HZ-Champiñones-380g,CEDI_Norte,127,478,3,0,23.81,Despejado,8000,11.54
2024-03-30,HZ-Champiñones-380g,CEDI_Sur,99,544,5,0,24.23,Lluvia,8000,11.77
2024-03-30,HZ-Champiñones-380g,CEDI_Occidente,95,1087,5,0,23.25,Despejado,8000,9.13
2024-03-30,HZ-Champiñones-380g,CEDI_Bajio,110,488,5,0,23.11,Despejado,8000,11.9
2024-03-31,HZ-Salsa-Verde-200g,CEDI_Norte,173,1110,3,0,23.37,Despejado,15000,9.43
2024-03-31,HZ-Salsa-Verde-200g,CEDI_Sur,196,359,5,0,24.14,Tormenta,15000,11.13
2024-03-31,HZ-Salsa-Verde-200g,CEDI_Occidente,203,134,5,1,23.21,Despejado,15000,9.33
2024-03-31,HZ-Salsa-Verde-200g,CEDI_Bajio,199,1231,5,1,22.88,Despejado,15000,9.77
2024-03-31,HZ-Salsa-Roja-200g,CEDI_Norte,186,989,3,0,24.1,Despejado,15000,9.88
2024-03-31,HZ-Salsa-Roja-200g,CEDI_Sur,190,158,5,0,23.53,Despejado,15000,9.09
2024-03-31,HZ-Salsa-Roja-200g,CEDI_Occidente,198,1831,5,0,23.67,Despejado,15000,13.01
2024-03-31,HZ-Salsa-Roja-200g,CEDI_Bajio,191,1148,5,0,23.05,Despejado,15000,10.44
2024-03-31,HZ-Mole-Poblano-250g,CEDI_Norte,101,1822,3,0,22.83,Despejado,8000,11.35
2024-03-31,HZ-Mole-Poblano-250g,CEDI_Sur,86,1985,5,0,23.35,Lluvia,8000,11.81
2024-03-31,HZ-Mole-Poblano-250g,CEDI_Occidente,116,1988,5,0,23.76,Despejado,8000,9.93
2024-03-31,HZ-Mole-Poblano-250g,CEDI_Bajio,98,70,5,0,23.14,Despejado,8000,10.7
2024-03-31,HZ-Atun-Agua-140g,CEDI_Norte,89,805,3,0,22.71,Lluvia,8000,11.98
2024-03-31,HZ-Atun-Agua-140g,CEDI_Sur,94,1282,5,0,24.65,Despejado,8000,9.02
2024-03-31,HZ-Atun-Agua-140g,CEDI_Occidente,105,987,5,0,23.3,Despejado,8000,10.18
2024-03-31,HZ-Atun-Agua-140g,CEDI_Bajio,95,1039,5,0,23.26,Lluvia,8000,10.13
2024-03-31,HZ-Champiñones-380g,CEDI_Norte,100,1147,3,1,23.51,Despejado,8000,9.92
2024-03-31,HZ-Champiñones-380g,CEDI_Sur,119,1905,5,0,23.41,Lluvia,8000,10.9
2024-03-31,HZ-Champiñones-380g,CEDI_Occidente,108,1507,5,0,23.46,Despejado,8000,10.99
2024-03-31,HZ-Champiñones-380g,CEDI_Bajio,107,1172,5,0,24.15,Despejado,8000,11.26
2024-04-01,HZ-Salsa-Verde-200g,CEDI_Norte,196,1440,3,1,23.73,Lluvia,15000,10.95
2024-04-01,HZ-Salsa-Verde-200g,CEDI_Sur,193,319,5,0,23.44,Despejado,15000,10.96
2024-04-01,HZ-Salsa-Verde-200g,CEDI_Occidente,172,281,5,0,23.59,Despejado,15000,9.74
2024-04-01,HZ-Salsa-Verde-200g,CEDI_Bajio,202,1080,5,1,23.22,Despejado,15000,10.92
2024-04-01,HZ-Salsa-Roja-200g,CEDI_Norte,230,1994,3,0,22.93,Despejado,15000,11.22
2024-04-01,HZ-Salsa-Roja-200g,CEDI_Sur,192,1148,5,1,24.1,Lluvia,15000,9.24
2024-04-01,HZ-Salsa-Roja-200g,CEDI_Occidente,192,954,5,1,23.12,Despejado,15000,10.68
2024-04-01,HZ-Salsa-Roja-200g,CEDI_Bajio,205,286,5,0,23.4,Lluvia,15000,12.31
2024-04-01,HZ-Mole-Poblano-250g,CEDI_Norte,97,892,3,0,22.89,Despejado,8000,12.19
2024-04-01,HZ-Mole-Poblano-250g,CEDI_Sur,94,1505,5,0,23.77,Despejado,8000,11.34
2024-04-01,HZ-Mole-Poblano-250g,CEDI_Occidente,111,1326,5,1,23.28,Despejado,8000,9.71
2024-04-01,HZ-Mole-Poblano-250g,CEDI_Bajio,103,1571,5,0,23.54,Despejado,8000,10.69
2024-04-01,HZ-Atun-Agua-140g,CEDI_Norte,93,608,3,1,23.46,Despejado,8000,10.63
2024-04-01,HZ-Atun-Agua-140g,CEDI_Sur,92,1422,5,0,24.01,Despejado,8000,10.34
2024-04-01,HZ-Atun-Agua-140g,CEDI_Occidente,100,441,5,0,22.19,Lluvia,8000,9.1
2024-04-01,HZ-Atun-Agua-140g,CEDI_Bajio,101,1518,5,0,23.76,Despejado,8000,10.02
2024-04-01,HZ-Champiñones-380g,CEDI_Norte,98,491,3,0,23.6,Lluvia,8000,11.04
2024-04-01,HZ-Champiñones-380g,CEDI_Sur,94,1142,5,1,23.27,Despejado,8000,10.34
2024-04-01,HZ-Champiñones-380g,CEDI_Occidente,98,314,5,0,22.59,Lluvia,8000,10.61
2024-04-01,HZ-Champiñones-380g,CEDI_Bajio,108,1682,5,0,23.44,Despejado,8000,11.24
2024-04-02,HZ-Salsa-Verde-200g,CEDI_Norte,200,1756,3,0,23.01,Lluvia,15000,11.28
2024-04-02,HZ-Salsa-Verde-200g,CEDI_Sur,224,851,5,0,24.13,Despejado,15000,10.05
2024-04-02,HZ-Salsa-Verde-200g,CEDI_Occidente,198,475,5,1,23.85,Despejado,15000,11.62
2024-04-02,HZ-Salsa-Verde-200g,CEDI_Bajio,201,120,5,0,23.62,Tormenta,15000,8.87
2024-04-02,HZ-Salsa-Roja-200g,CEDI_Norte,217,966,3,0,23.29,Tormenta,15000,11.36
2024-04-02,HZ-Salsa-Roja-200g,CEDI_Sur,181,581,5,0,23.11,Despejado,15000,9.74
2024-04-02,HZ-Salsa-Roja-200g,CEDI_Occidente,186,1000,5,0,23.05,Tormenta,15000,8.5
2024-04-02,HZ-Salsa-Roja-200g,CEDI_Bajio,214,603,5,0,22.97,Despejado,15000,9.44
2024-04-02,HZ-Mole-Poblano-250g,CEDI_Norte,89,1351,3,0,23.02,Despejado,8000,9.3
2024-04-02,HZ-Mole-Poblano-250g,CEDI_Sur,108,902,5,0,23.79,Despejado,8000,10.09
2024-04-02,HZ-Mole-Poblano-250g,CEDI_Occidente,112,897,5,0,23.5,Despejado,8000,11.76
2024-04-02,HZ-Mole-Poblano-250g,CEDI_Bajio,103,1235,5,0,23.97,Despejado,8000,8.27
2024-04-02,HZ-Atun-Agua-140g,CEDI_Norte,106,174,3,0,23.74,Despejado,8000,11.52
2024-04-02,HZ-Atun-Agua-140g,CEDI_Sur,105,1131,5,0,22.87,Despejado,8000,8.71
2024-04-02,HZ-Atun-Agua-140g,CEDI_Occidente,123,1024,5,0,23.52,Lluvia,8000,12.38
2024-04-02,HZ-Atun-Agua-140g,CEDI_Bajio,100,1793,5,0,24.1,Despejado,8000,9.02
2024-04-02,HZ-Champiñones-380g,CEDI_Norte,117,81,3,0,24.44,Tormenta,8000,11.18
2024-04-02,HZ-Champiñones-380g,CEDI_Sur,103,719,5,0,23.02,Despejado,8000,10.19
2024-04-02,HZ-Champiñones-380g,CEDI_Occidente,92,1789,5,0,23.01,Lluvia,8000,11.9
2024-04-02,HZ-Champiñones-380g,CEDI_Bajio,90,547,5,0,23.67,Despejado,8000,8.16
2024-04-03,HZ-Salsa-Verde-200g,CEDI_Norte,186,1585,3,0,23.32,Despejado,15000,10.35
2024-04-03,HZ-Salsa-Verde-200g,CEDI_Sur,189,478,5,0,23.61,Despejado,15000,9.07
2024-04-03,HZ-Salsa-Verde-200g,CEDI_Occidente,217,1391,5,0,23.11,Despejado,15000,10.18
2024-04-03,HZ-Salsa-Verde-200g,CEDI_Bajio,203,1414,5,0,23.57,Despejado,15000,11.5
2024-04-03,HZ-Salsa-Roja-200g,CEDI_Norte,186,150,3,0,23.6,Despejado,15000,10.34
2024-04-03,HZ-Salsa-Roja-200g,CEDI_Sur,203,1693,5,0,23.38,Despejado,15000,8.83
2024-04-03,HZ-Salsa-Roja-200g,CEDI_Occidente,197,141,5,0,23.28,Tormenta,15000,10.96
2024-04-03,HZ-Salsa-Roja-200g,CEDI_Bajio,202,637,5,0,23.1,Lluvia,15000,8.59
2024-04-03,HZ-Mole-Poblano-250g,CEDI_Norte,96,1958,3,0,23.78,Despejado,8000,8.48
2024-04-03,HZ-Mole-Poblano-250g,CEDI_Sur,107,1610,5,0,23.22,Lluvia,8000,12.44
2024-04-03,HZ-Mole-Poblano-250g,CEDI_Occidente,96,1409,5,0,23.33,Despejado,8000,10.25
2024-04-03,HZ-Mole-Poblano-250g,CEDI_Bajio,99,773,5,0,23.46,Despejado,8000,11.05
2024-04-03,HZ-Atun-Agua-140g,CEDI_Norte,115,830,3,0,24.07,Despejado,8000,11.74
2024-04-03,HZ-Atun-Agua-140g,CEDI_Sur,98,795,5,1,23.88,Lluvia,8000,9.31
2024-04-03,HZ-Atun-Agua-140g,CEDI_Occidente,101,1772,5,1,24.45,Lluvia,8000,10.43
2024-04-03,HZ-Atun-Agua-140g,CEDI_Bajio,98,1629,5,0,23.33,Lluvia,8000,9.73
2024-04-03,HZ-Champiñones-380g,CEDI_Norte,103,1144,3,0,22.82,Lluvia,8000,10.89
2024-04-03,HZ-Champiñones-380g,CEDI_Sur,83,1142,5,0,22.9,Lluvia,8000,10.25
2024-04-03,HZ-Champiñones-380g,CEDI_Occidente,101,142,5,0,24.33,Lluvia,8000,10.62
2024-04-03,HZ-Champiñones-380g,CEDI_Bajio,107,1576,5,0,23.52,Despejado,8000,11.27
2024-04-04,HZ-Salsa-Verde-200g,CEDI_Norte,181,932,3,0,24.02,Lluvia,15000,11.51
2024-04-04,HZ-Salsa-Verde-200g,CEDI_Sur,203,1085,5,0,22.86,Despejado,15000,10.88
2024-04-04,HZ-Salsa-Verde-200g,CEDI_Occidente,205,890,5,0,23.16,Lluvia,15000,10.08
2024-04-04,HZ-Salsa-Verde-200g,CEDI_Bajio,214,853,5,0,24.46,Despejado,15000,9.73
2024-04-04,HZ-Salsa-Roja-200g,CEDI_Norte,190,1379,3,0,23.38,Despejado,15000,11.36
2024-04-04,HZ-Salsa-Roja-200g,CEDI_Sur,210,1774,5,0,23.8,Despejado,15000,10.27
2024-04-04,HZ-Salsa-Roja-200g,CEDI_Occidente,202,969,5,0,22.91,Despejado,15000,11.76
2024-04-04,HZ-Salsa-Roja-200g,CEDI_Bajio,191,850,5,0,23.26,Despejado,15000,11.13
2024-04-04,HZ-Mole-Poblano-250g,CEDI_Norte,100,593,3,1,24.22,Despejado,8000,10.33
2024-04-04,HZ-Mole-Poblano-250g,CEDI_Sur,98,1872,5,0,24.09,Despejado,8000,10.29
2024-04-04,HZ-Mole-Poblano-250g,CEDI_Occidente,98,1876,5,1,24.15,Despejado,8000,9.21
2024-04-04,HZ-Mole-Poblano-250g,CEDI_Bajio,103,358,5,0,24.3,Despejado,8000,11.3
2024-04-04,HZ-Atun-Agua-140g,CEDI_Norte,104,1348,3,0,23.13,Despejado,8000,9.97
2024-04-04,HZ-Atun-Agua-140g,CEDI_Sur,98,1603,5,1,23.96,Despejado,8000,12.7
2024-04-04,HZ-Atun-Agua-140g,CEDI_Occidente,95,940,5,0,23.68,Lluvia,8000,10.72
2024-04-04,HZ-Atun-Agua-140g,CEDI_Bajio,101,1021,5,0,23.73,Despejado,8000,10.69
2024-04-04,HZ-Champiñones-380g,CEDI_Norte,87,1261,3,0,23.57,Despejado,8000,9.27
2024-04-04,HZ-Champiñones-380g,CEDI_Sur,107,415,5,0,23.88,Despejado,8000,11.63
2024-04-04,HZ-Champiñones-380g,CEDI_Occidente,90,626,5,0,23.66,Tormenta,8000,10.64
2024-04-04,HZ-Champiñones-380g,CEDI_Bajio,98,1058,5,1,23.31,Despejado,8000,10.19
2024-04-05,HZ-Salsa-Verde-200g,CEDI_Norte,212,385,3,0,22.74,Despejado,15000,9.6
2024-04-05,HZ-Salsa-Verde-200g,CEDI_Sur,200,805,5,0,23.41,Tormenta,15000,10.66
2024-04-05,HZ-Salsa-Verde-200g,CEDI_Occidente,207,1115,5,0,22.88,Despejado,15000,11.06
2024-04-05,HZ-Salsa-Verde-200g,CEDI_Bajio,192,231,5,0,24.18,Tormenta,15000,11.39
2024-04-05,HZ-Salsa-Roja-200g,CEDI_Norte,195,1012,3,0,23.73,Despejado,15000,11.16
2024-04-05,HZ-Salsa-Roja-200g,CEDI_Sur,206,821,5,0,23.31,Despejado,15000,9.96
2024-04-05,HZ-Salsa-Roja-200g,CEDI_Occidente,225,915,5,0,23.27,Despejado,15000,9.46
2024-04-05,HZ-Salsa-Roja-200g,CEDI_Bajio,171,1243,5,0,23.82,Despejado,15000,8.88
2024-04-05,HZ-Mole-Poblano-250g,CEDI_Norte,119,431,3,0,23.58,Despejado,8000,10.46
2024-04-05,HZ-Mole-Poblano-250g,CEDI_Sur,100,429,5,0,24.39,Despejado,8000,10.8
2024-04-05,HZ-Mole-Poblano-250g,CEDI_Occidente,120,975,5,1,23.24,Lluvia,8000,10.74
2024-04-05,HZ-Mole-Poblano-250g,CEDI_Bajio,99,1384,5,0,23.81,Despejado,8000,10.88
2024-04-05,HZ-Atun-Agua-140g,CEDI_Norte,88,200,3,1,22.57,Despejado,8000,10.61
2024-04-05,HZ-Atun-Agua-140g,CEDI_Sur,112,1475,5,0,24.41,Tormenta,8000,10.61
2024-04-05,HZ-Atun-Agua-140g,CEDI_Occidente,90,1190,5,0,23.41,Tormenta,8000,10.99
2024-04-05,HZ-Atun-Agua-140g,CEDI_Bajio,100,502,5,0,23.11,Lluvia,8000,9.22
2024-04-05,HZ-Champiñones-380g,CEDI_Norte,101,930,3,0,23.45,Despejado,8000,9.39
2024-04-05,HZ-Champiñones-380g,CEDI_Sur,98,1557,5,0,23.63,Despejado,8000,9.61
2024-04-05,HZ-Champiñones-380g,CEDI_Occidente,92,1898,5,1,24.05,Tormenta,8000,8.93
2024-04-05,HZ-Champiñones-380g,CEDI_Bajio,126,965,5,0,23.34,Despejado,8000,11.01
2024-04-06,HZ-Salsa-Verde-200g,CEDI_Norte,193,68,3,0,23.1,Despejado,15000,10.65
2024-04-06,HZ-Salsa-Verde-200g,CEDI_Sur,197,104,5,0,24.41,Despejado,15000,10.26
2024-04-06,HZ-Salsa-Verde-200g,CEDI_Occidente,189,250,5,0,23.52,Despejado,15000,11.06
2024-04-06,HZ-Salsa-Verde-200g,CEDI_Bajio,189,661,5,0,23.71,Tormenta,15000,10.17
2024-04-06,HZ-Salsa-Roja-200g,CEDI_Norte,188,473,3,0,24.76,Despejado,15000,10.46
2024-04-06,HZ-Salsa-Roja-200g,CEDI_Sur,202,1219,5,0,23.08,Lluvia,15000,10.89
2024-04-06,HZ-Salsa-Roja-200g,CEDI_Occidente,215,690,5,0,24.22,Despejado,15000,10.15
2024-04-06,HZ-Salsa-Roja-200g,CEDI_Bajio,213,1284,5,0,23.05,Lluvia,15000,11.09
2024-04-06,HZ-Mole-Poblano-250g,CEDI_Norte,92,1169,3,0,22.05,Tormenta,8000,11.09
2024-04-06,HZ-Mole-Poblano-250g,CEDI_Sur,102,728,5,1,23.35,Tormenta,8000,8.92
2024-04-06,HZ-Mole-Poblano-250g,CEDI_Occidente,105,1581,5,0,24.0,Despejado,8000,10.21
2024-04-06,HZ-Mole-Poblano-250g,CEDI_Bajio,92,1077,5,0,23.86,Despejado,8000,10.17
2024-04-06,HZ-Atun-Agua-140g,CEDI_Norte,89,865,3,0,22.71,Despejado,8000,9.28
2024-04-06,HZ-Atun-Agua-140g,CEDI_Sur,100,227,5,0,23.54,Lluvia,8000,12.09
2024-04-06,HZ-Atun-Agua-140g,CEDI_Occidente,101,66,5,0,24.08,Despejado,8000,11.47
2024-04-06,HZ-Atun-Agua-140g,CEDI_Bajio,84,759,5,0,24.3,Lluvia,8000,9.6
2024-04-06,HZ-Champiñones-380g,CEDI_Norte,98,564,3,0,23.22,Despejado,8000,9.38
2024-04-06,HZ-Champiñones-380g,CEDI_Sur,101,1304,5,0,23.95,Lluvia,8000,9.7
2024-04-06,HZ-Champiñones-380g,CEDI_Occidente,113,373,5,0,23.4,Despejado,8000,10.04
2024-04-06,HZ-Champiñones-380g,CEDI_Bajio,100,1397,5,0,23.22,Despejado,8000,9.84
2024-04-07,HZ-Salsa-Verde-200g,CEDI_Norte,188,523,3,0,24.07,Despejado,15000,13.0
2024-04-07,HZ-Salsa-Verde-200g,CEDI_Sur,196,689,5,0,22.47,Despejado,15000,10.18
2024-04-07,HZ-Salsa-Verde-200g,CEDI_Occidente,220,1947,5,0,23.28,Despejado,15000,10.45
2024-04-07,HZ-Salsa-Verde-200g,CEDI_Bajio,191,496,5,0,22.92,Despejado,15000,9.65
2024-04-07,HZ-Salsa-Roja-200g,CEDI_Norte,182,444,3,0,23.96,Despejado,15000,9.0
2024-04-07,HZ-Salsa-Roja-200g,CEDI_Sur,221,1408,5,0,23.64,Despejado,15000,11.7
2024-04-07,HZ-Salsa-Roja-200g,CEDI_Occidente,198,1048,5,0,22.55,Despejado,15000,10.49
2024-04-07,HZ-Salsa-Roja-200g,CEDI_Bajio,187,1431,5,0,23.54,Despejado,15000,11.55
2024-04-07,HZ-Mole-Poblano-250g,CEDI_Norte,85,230,3,0,23.89,Despejado,8000,11.81
2024-04-07,HZ-Mole-Poblano-250g,CEDI_Sur,103,1592,5,0,23.16,Tormenta,8000,9.07
2024-04-07,HZ-Mole-Poblano-250g,CEDI_Occidente,103,203,5,0,23.86,Lluvia,8000,10.62
2024-04-07,HZ-Mole-Poblano-250g,CEDI_Bajio,89,943,5,0,23.66,Despejado,8000,10.34
2024-04-07,HZ-Atun-Agua-140g,CEDI_Norte,106,70,3,0,23.64,Lluvia,8000,9.89
2024-04-07,HZ-Atun-Agua-140g,CEDI_Sur,100,1485,5,1,23.44,Despejado,8000,11.35
2024-04-07,HZ-Atun-Agua-140g,CEDI_Occidente,96,541,5,0,23.63,Despejado,8000,10.74
2024-04-07,HZ-Atun-Agua-140g,CEDI_Bajio,93,134,5,0,23.47,Despejado,8000,10.73
2024-04-07,HZ-Champiñones-380g,CEDI_Norte,96,1054,3,0,23.33,Despejado,8000,10.35
2024-04-07,HZ-Champiñones-380g,CEDI_Sur,105,1729,5,0,22.61,Despejado,8000,8.27
2024-04-07,HZ-Champiñones-380g,CEDI_Occidente,105,1771,5,0,23.13,Despejado,8000,8.48
2024-04-07,HZ-Champiñones-380g,CEDI_Bajio,95,1063,5,0,23.39,Despejado,8000,11.68
2024-04-08,HZ-Salsa-Verde-200g,CEDI_Norte,202,1739,3,0,23.82,Despejado,15000,10.89
2024-04-08,HZ-Salsa-Verde-200g,CEDI_Sur,196,1498,5,0,24.13,Despejado,15000,10.79
2024-04-08,HZ-Salsa-Verde-200g,CEDI_Occidente,194,265,5,1,22.68,Lluvia,15000,10.1
2024-04-08,HZ-Salsa-Verde-200g,CEDI_Bajio,209,603,5,0,23.07,Despejado,15000,10.16
2024-04-08,HZ-Salsa-Roja-200g,CEDI_Norte,207,1202,3,0,22.43,Despejado,15000,10.68
2024-04-08,HZ-Salsa-Roja-200g,CEDI_Sur,204,614,5,0,23.92,Despejado,15000,11.01
2024-04-08,HZ-Salsa-Roja-200g,CEDI_Occidente,211,1441,5,0,23.48,Despejado,15000,10.16
2024-04-08,HZ-Salsa-Roja-200g,CEDI_Bajio,233,1844,5,0,23.23,Despejado,15000,9.85
2024-04-08,HZ-Mole-Poblano-250g,CEDI_Norte,117,560,3,1,23.83,Despejado,8000,9.74
2024-04-08,HZ-Mole-Poblano-250g,CEDI_Sur,115,1852,5,0,23.94,Tormenta,8000,10.49
2024-04-08,HZ-Mole-Poblano-250g,CEDI_Occidente,89,1555,5,0,23.93,Despejado,8000,8.54
2024-04-08,HZ-Mole-Poblano-250g,CEDI_Bajio,117,1611,5,0,22.84,Despejado,8000,11.04
2024-04-08,HZ-Atun-Agua-140g,CEDI_Norte,105,1406,3,0,23.21,Despejado,8000,9.56
2024-04-08,HZ-Atun-Agua-140g,CEDI_Sur,88,1899,5,0,23.41,Despejado,8000,9.57
2024-04-08,HZ-Atun-Agua-140g,CEDI_Occidente,107,1429,5,0,24.17,Despejado,8000,9.24
2024-04-08,HZ-Atun-Agua-140g,CEDI_Bajio,105,1688,5,0,23.71,Despejado,8000,7.73
2024-04-08,HZ-Champiñones-380g,CEDI_Norte,98,563,3,0,23.87,Despejado,8000,9.86
2024-04-08,HZ-Champiñones-380g,CEDI_Sur,96,1464,5,0,23.57,Despejado,8000,9.72
2024-04-08,HZ-Champiñones-380g,CEDI_Occidente,98,1142,5,1,23.06,Despejado,8000,11.35
2024-04-08,HZ-Champiñones-380g,CEDI_Bajio,93,1966,5,0,22.83,Lluvia,8000,9.41
2024-04-09,HZ-Salsa-Verde-200g,CEDI_Norte,208,803,3,0,23.23,Despejado,15000,11.16
2024-04-09,HZ-Salsa-Verde-200g,CEDI_Sur,196,369,5,0,23.91,Despejado,15000,10.66
2024-04-09,HZ-Salsa-Verde-200g,CEDI_Occidente,175,1938,5,1,23.5,Lluvia,15000,11.36
2024-04-09,HZ-Salsa-Verde-200g,CEDI_Bajio,239,1711,5,0,23.83,Despejado,15000,9.83
2024-04-09,HZ-Salsa-Roja-200g,CEDI_Norte,190,435,3,1,22.91,Despejado,15000,12.32
2024-04-09,HZ-Salsa-Roja-200g,CEDI_Sur,191,858,5,0,23.94,Despejado,15000,11.2
2024-04-09,HZ-Salsa-Roja-200g,CEDI_Occidente,192,1179,5,0,23.12,Despejado,15000,11.05
2024-04-09,HZ-Salsa-Roja-200g,CEDI_Bajio,206,1527,5,0,23.98,Despejado,15000,10.86
2024-04-09,HZ-Mole-Poblano-250g,CEDI_Norte,97,765,3,0,24.32,Despejado,8000,11.81
2024-04-09,HZ-Mole-Poblano-250g,CEDI_Sur,88,1631,5,0,23.31,Despejado,8000,8.77
2024-04-09,HZ-Mole-Poblano-250g,CEDI_Occidente,89,1683,5,0,23.37,Lluvia,8000,11.54
2024-04-09,HZ-Mole-Poblano-250g,CEDI_Bajio,88,601,5,0,24.01,Despejado,8000,7.88
2024-04-09,HZ-Atun-Agua-140g,CEDI_Norte,108,1874,3,0,23.06,Lluvia,8000,11.27
2024-04-09,HZ-Atun-Agua-140g,CEDI_Sur,103,1718,5,0,23.57,Despejado,8000,9.78
2024-04-09,HZ-Atun-Agua-140g,CEDI_Occidente,107,1692,5,0,22.78,Despejado,8000,10.44
2024-04-09,HZ-Atun-Agua-140g,CEDI_Bajio,99,471,5,0,23.9,Despejado,8000,11.97
2024-04-09,HZ-Champiñones-380g,CEDI_Norte,91,199,3,0,23.87,Despejado,8000,10.48
2024-04-09,HZ-Champiñones-380g,CEDI_Sur,115,1177,5,0,23.04,Lluvia,8000,12.61
2024-04-09,HZ-Champiñones-380g,CEDI_Occidente,91,947,5,1,23.35,Despejado,8000,9.56
2024-04-09,HZ-Champiñones-380g,CEDI_Bajio,112,753,5,0,23.74,Despejado,8000,9.44
2024-04-10,HZ-Salsa-Verde-200g,CEDI_Norte,209,1164,3,0,23.06,Despejado,15000,10.31
2024-04-10,HZ-Salsa-Verde-200g,CEDI_Sur,188,188,5,0,23.16,Despejado,15000,9.76
2024-04-10,HZ-Salsa-Verde-200g,CEDI_Occidente,196,348,5,0,23.66,Despejado,15000,9.89
2024-04-10,HZ-Salsa-Verde-200g,CEDI_Bajio,217,1614,5,0,23.76,Despejado,15000,11.77
2024-04-10,HZ-Salsa-Roja-200g,CEDI_Norte,205,1466,3,0,23.46,Despejado,15000,10.57
2024-04-10,HZ-Salsa-Roja-200g,CEDI_Sur,162,1090,5,1,23.75,Despejado,15000,11.05
2024-04-10,HZ-Salsa-Roja-200g,CEDI_Occidente,214,442,5,1,23.64,Despejado,15000,9.21
2024-04-10,HZ-Salsa-Roja-200g,CEDI_Bajio,240,1247,5,0,23.86,Despejado,15000,10.61
2024-04-10,HZ-Mole-Poblano-250g,CEDI_Norte,111,990,3,1,23.93,Despejado,8000,11.08
2024-04-10,HZ-Mole-Poblano-250g,CEDI_Sur,87,1099,5,0,23.7,Despejado,8000,9.54
2024-04-10,HZ-Mole-Poblano-250g,CEDI_Occidente,113,970,5,0,24.13,Despejado,8000,11.19
2024-04-10,HZ-Mole-Poblano-250g,CEDI_Bajio,93,999,5,0,23.5,Despejado,8000,10.91
2024-04-10,HZ-Atun-Agua-140g,CEDI_Norte,108,261,3,0,23.42,Lluvia,8000,9.67
2024-04-10,HZ-Atun-Agua-140g,CEDI_Sur,112,1041,5,0,23.45,Despejado,8000,9.7
2024-04-10,HZ-Atun-Agua-140g,CEDI_Occidente,106,1398,5,0,23.84,Despejado,8000,10.88
2024-04-10,HZ-Atun-Agua-140g,CEDI_Bajio,113,109,5,0,23.0,Despejado,8000,10.37
2024-04-10,HZ-Champiñones-380g,CEDI_Norte,112,1874,3,0,23.51,Tormenta,8000,11.24
2024-04-10,HZ-Champiñones-380g,CEDI_Sur,101,1860,5,0,24.04,Despejado,8000,9.94
2024-04-10,HZ-Champiñones-380g,CEDI_Occidente,79,1146,5,0,24.88,Despejado,8000,10.19
2024-04-10,HZ-Champiñones-380g,CEDI_Bajio,109,645,5,0,23.61,Despejado,8000,10.19
2024-04-11,HZ-Salsa-Verde-200g,CEDI_Norte,198,1080,3,0,24.57,Despejado,15000,12.33
2024-04-11,HZ-Salsa-Verde-200g,CEDI_Sur,198,277,5,0,23.49,Despejado,15000,9.14
2024-04-11,HZ-Salsa-Verde-200g,CEDI_Occidente,210,486,5,0,24.21,Despejado,15000,10.08
2024-04-11,HZ-Salsa-Verde-200g,CEDI_Bajio,203,275,5,0,24.16,Despejado,15000,10.34
2024-04-11,HZ-Salsa-Roja-200g,CEDI_Norte,185,1616,3,0,23.49,Despejado,15000,9.17
2024-04-11,HZ-Salsa-Roja-200g,CEDI_Sur,225,1987,5,1,21.98,Despejado,15000,10.08
2024-04-11,HZ-Salsa-Roja-200g,CEDI_Occidente,210,975,5,0,23.79,Despejado,15000,11.12
2024-04-11,HZ-Salsa-Roja-200g,CEDI_Bajio,191,464,5,0,23.64,Despejado,15000,10.28
2024-04-11,HZ-Mole-Poblano-250g,CEDI_Norte,94,293,3,0,23.59,Lluvia,8000,11.09
2024-04-11,HZ-Mole-Poblano-250g,CEDI_Sur,99,172,5,0,23.66,Despejado,8000,10.02
2024-04-11,HZ-Mole-Poblano-250g,CEDI_Occidente,105,984,5,0,23.94,Despejado,8000,11.45
2024-04-11,HZ-Mole-Poblano-250g,CEDI_Bajio,111,1553,5,0,22.82,Despejado,8000,9.79
2024-04-11,HZ-Atun-Agua-140g,CEDI_Norte,79,1938,3,0,23.08,Despejado,8000,9.09
2024-04-11,HZ-Atun-Agua-140g,CEDI_Sur,114,445,5,0,23.2,Despejado,8000,9.49
2024-04-11,HZ-Atun-Agua-140g,CEDI_Occidente,91,1229,5,0,23.14,Despejado,8000,10.26
2024-04-11,HZ-Atun-Agua-140g,CEDI_Bajio,84,1943,5,0,23.59,Despejado,8000,10.89
2024-04-11,HZ-Champiñones-380g,CEDI_Norte,92,1386,3,1,23.53,Despejado,8000,11.47
2024-04-11,HZ-Champiñones-380g,CEDI_Sur,99,1805,5,0,22.97,Despejado,8000,10.49
2024-04-11,HZ-Champiñones-380g,CEDI_Occidente,96,1378,5,0,24.85,Despejado,8000,11.33
2024-04-11,HZ-Champiñones-380g,CEDI_Bajio,109,985,5,0,23.09,Despejado,8000,10.23
2024-04-12,HZ-Salsa-Verde-200g,CEDI_Norte,212,1080,3,0,23.5,Despejado,15000,10.32
2024-04-12,HZ-Salsa-Verde-200g,CEDI_Sur,246,429,5,0,24.33,Lluvia,15000,10.81
2024-04-12,HZ-Salsa-Verde-200g,CEDI_Occidente,204,283,5,0,23.56,Lluvia,15000,9.63
2024-04-12,HZ-Salsa-Verde-200g,CEDI_Bajio,191,1147,5,0,24.57,Despejado,15000,11.39
2024-04-12,HZ-Salsa-Roja-200g,CEDI_Norte,216,1467,3,0,22.81,Despejado,15000,10.59
2024-04-12,HZ-Salsa-Roja-200g,CEDI_Sur,222,1847,5,0,23.99,Despejado,15000,9.1
2024-04-12,HZ-Salsa-Roja-200g,CEDI_Occidente,226,274,5,0,24.2,Lluvia,15000,12.1
2024-04-12,HZ-Salsa-Roja-200g,CEDI_Bajio,202,1553,5,0,23.04,Despejado,15000,11.17
2024-04-12,HZ-Mole-Poblano-250g,CEDI_Norte,113,1642,3,0,24.03,Tormenta,8000,9.64
2024-04-12,HZ-Mole-Poblano-250g,CEDI_Sur,106,751,5,0,23.03,Lluvia,8000,11.62
2024-04-12,HZ-Mole-Poblano-250g,CEDI_Occidente,98,610,5,0,23.58,Despejado,8000,13.34
2024-04-12,HZ-Mole-Poblano-250g,CEDI_Bajio,96,1968,5,0,24.52,Despejado,8000,10.79
2024-04-12,HZ-Atun-Agua-140g,CEDI_Norte,107,902,3,0,24.07,Despejado,8000,11.52
2024-04-12,HZ-Atun-Agua-140g,CEDI_Sur,82,1465,5,0,23.44,Despejado,8000,11.07
2024-04-12,HZ-Atun-Agua-140g,CEDI_Occidente,78,1084,5,0,23.23,Despejado,8000,8.9
2024-04-12,HZ-Atun-Agua-140g,CEDI_Bajio,87,167,5,0,23.01,Despejado,8000,9.67
2024-04-12,HZ-Champiñones-380g,CEDI_Norte,104,757,3,0,23.38,Despejado,8000,11.53
2024-04-12,HZ-Champiñones-380g,CEDI_Sur,89,1068,5,0,22.45,Tormenta,8000,12.54
2024-04-12,HZ-Champiñones-380g,CEDI_Occidente,105,713,5,1,24.59,Despejado,8000,11.2
2024-04-12,HZ-Champiñones-380g,CEDI_Bajio,110,793,5,0,23.75,Despejado,8000,11.49
2024-04-13,HZ-Salsa-Verde-200g,CEDI_Norte,227,908,3,0,23.81,Tormenta,15000,12.14
2024-04-13,HZ-Salsa-Verde-200g,CEDI_Sur,169,1726,5,0,24.59,Despejado,15000,9.81
2024-04-13,HZ-Salsa-Verde-200g,CEDI_Occidente,210,1059,5,0,24.15,Despejado,15000,11.36
2024-04-13,HZ-Salsa-Verde-200g,CEDI_Bajio,182,1311,5,0,23.17,Lluvia,15000,8.59
2024-04-13,HZ-Salsa-Roja-200g,CEDI_Norte,208,1550,3,0,23.55,Despejado,15000,10.8
2024-04-13,HZ-Salsa-Roja-200g,CEDI_Sur,191,1885,5,0,23.37,Despejado,15000,10.29
2024-04-13,HZ-Salsa-Roja-200g,CEDI_Occidente,220,1176,5,0,23.65,Despejado,15000,10.5
2024-04-13,HZ-Salsa-Roja-200g,CEDI_Bajio,171,231,5,0,23.14,Lluvia,15000,11.97
2024-04-13,HZ-Mole-Poblano-250g,CEDI_Norte,100,464,3,1,23.52,Lluvia,8000,11.54
2024-04-13,HZ-Mole-Poblano-250g,CEDI_Sur,102,698,5,1,23.69,Lluvia,8000,11.19
2024-04-13,HZ-Mole-Poblano-250g,CEDI_Occidente,92,1407,5,0,23.75,Despejado,8000,10.54
2024-04-13,HZ-Mole-Poblano-250g,CEDI_Bajio,80,1107,5,0,24.77,Despejado,8000,10.48
2024-04-13,HZ-Atun-Agua-140g,CEDI_Norte,107,1285,3,0,23.94,Tormenta,8000,9.38
2024-04-13,HZ-Atun-Agua-140g,CEDI_Sur,93,1987,5,1,22.84,Tormenta,8000,9.71
2024-04-13,HZ-Atun-Agua-140g,CEDI_Occidente,107,316,5,0,23.52,Despejado,8000,11.31
2024-04-13,HZ-Atun-Agua-140g,CEDI_Bajio,101,1860,5,0,22.92,Tormenta,8000,8.77
2024-04-13,HZ-Champiñones-380g,CEDI_Norte,86,741,3,0,24.34,Despejado,8000,9.91
2024-04-13,HZ-Champiñones-380g,CEDI_Sur,94,1202,5,0,23.98,Despejado,8000,10.36
2024-04-13,HZ-Champiñones-380g,CEDI_Occidente,88,654,5,0,23.47,Despejado,8000,9.67
2024-04-13,HZ-Champiñones-380g,CEDI_Bajio,83,1813,5,0,23.05,Tormenta,8000,9.19
2024-04-14,HZ-Salsa-Verde-200g,CEDI_Norte,187,1363,3,0,22.71,Lluvia,15000,10.55
2024-04-14,HZ-Salsa-Verde-200g,CEDI_Sur,184,1916,5,0,23.54,Tormenta,15000,10.73
2024-04-14,HZ-Salsa-Verde-200g,CEDI_Occidente,210,1016,5,0,23.6,Tormenta,15000,11.7
2024-04-14,HZ-Salsa-Verde-200g,CEDI_Bajio,225,1656,5,1,23.5,Despejado,15000,11.61
2024-04-14,HZ-Salsa-Roja-200g,CEDI_Norte,209,1399,3,0,23.07,Despejado,15000,10.49
2024-04-14,HZ-Salsa-Roja-200g,CEDI_Sur,200,141,5,0,23.41,Despejado,15000,8.51
2024-04-14,HZ-Salsa-Roja-200g,CEDI_Occidente,189,848,5,0,23.0,Despejado,15000,9.95
2024-04-14,HZ-Salsa-Roja-200g,CEDI_Bajio,183,549,5,0,22.86,Lluvia,15000,11.76
2024-04-14,HZ-Mole-Poblano-250g,CEDI_Norte,101,1129,3,1,23.61,Tormenta,8000,10.05
2024-04-14,HZ-Mole-Poblano-250g,CEDI_Sur,93,1417,5,0,23.82,Lluvia,8000,10.75
2024-04-14,HZ-Mole-Poblano-250g,CEDI_Occidente,100,162,5,0,23.39,Despejado,8000,11.94
2024-04-14,HZ-Mole-Poblano-250g,CEDI_Bajio,97,1679,5,0,23.65,Despejado,8000,10.7
2024-04-14,HZ-Atun-Agua-140g,CEDI_Norte,101,497,3,0,22.99,Despejado,8000,10.56
2024-04-14,HZ-Atun-Agua-140g,CEDI_Sur,101,604,5,0,23.6,Despejado,8000,9.73
2024-04-14,HZ-Atun-Agua-140g,CEDI_Occidente,105,922,5,0,23.52,Lluvia,8000,8.17
2024-04-14,HZ-Atun-Agua-140g,CEDI_Bajio,86,1319,5,0,23.32,Despejado,8000,10.32
2024-04-14,HZ-Champiñones-380g,CEDI_Norte,107,1365,3,0,23.65,Despejado,8000,12.57
2024-04-14,HZ-Champiñones-380g,CEDI_Sur,95,1896,5,0,24.35,Despejado,8000,9.61
2024-04-14,HZ-Champiñones-380g,CEDI_Occidente,103,1129,5,0,23.94,Lluvia,8000,10.3
2024-04-14,HZ-Champiñones-380g,CEDI_Bajio,106,120,5,0,22.48,Despejado,8000,9.12
2024-04-15,HZ-Salsa-Verde-200g,CEDI_Norte,203,888,3,0,23.29,Despejado,15000,9.76
2024-04-15,HZ-Salsa-Verde-200g,CEDI_Sur,198,1221,5,0,23.27,Tormenta,15000,10.29
2024-04-15,HZ-Salsa-Verde-200g,CEDI_Occidente,196,1455,5,0,23.2,Despejado,15000,11.23
2024-04-15,HZ-Salsa-Verde-200g,CEDI_Bajio,182,1865,5,0,23.79,Lluvia,15000,10.13
2024-04-15,HZ-Salsa-Roja-200g,CEDI_Norte,201,91,3,0,23.11,Lluvia,15000,10.58
2024-04-15,HZ-Salsa-Roja-200g,CEDI_Sur,187,1935,5,0,24.4,Despejado,15000,10.35
2024-04-15,HZ-Salsa-Roja-200g,CEDI_Occidente,204,898,5,0,23.16,Despejado,15000,11.89
2024-04-15,HZ-Salsa-Roja-200g,CEDI_Bajio,198,634,5,0,23.11,Despejado,15000,9.76
2024-04-15,HZ-Mole-Poblano-250g,CEDI_Norte,100,195,3,0,23.37,Despejado,8000,11.58
2024-04-15,HZ-Mole-Poblano-250g,CEDI_Sur,98,502,5,0,24.2,Despejado,8000,10.87
2024-04-15,HZ-Mole-Poblano-250g,CEDI_Occidente,101,288,5,0,23.01,Despejado,8000,10.05
2024-04-15,HZ-Mole-Poblano-250g,CEDI_Bajio,121,1929,5,1,24.04,Despejado,8000,10.71
2024-04-15,HZ-Atun-Agua-140g,CEDI_Norte,97,967,3,0,22.89,Tormenta,8000,10.82
2024-04-15,HZ-Atun-Agua-140g,CEDI_Sur,89,1235,5,1,23.0,Despejado,8000,9.52
2024-04-15,HZ-Atun-Agua-140g,CEDI_Occidente,89,218,5,0,23.96,Despejado,8000,13.23
2024-04-15,HZ-Atun-Agua-140g,CEDI_Bajio,93,1670,5,1,22.97,Despejado,8000,10.93
2024-04-15,HZ-Champiñones-380g,CEDI_Norte,93,1614,3,0,22.97,Despejado,8000,10.76
2024-04-15,HZ-Champiñones-380g,CEDI_Sur,101,237,5,0,23.7,Despejado,8000,10.86
2024-04-15,HZ-Champiñones-380g,CEDI_Occidente,111,1138,5,0,22.95,Despejado,8000,11.37
2024-04-15,HZ-Champiñones-380g,CEDI_Bajio,88,1983,5,0,23.4,Despejado,8000,9.0
2024-04-16,HZ-Salsa-Verde-200g,CEDI_Norte,213,571,3,0,22.86,Despejado,15000,10.76
2024-04-16,HZ-Salsa-Verde-200g,CEDI_Sur,170,609,5,0,23.32,Tormenta,15000,10.0
2024-04-16,HZ-Salsa-Verde-200g,CEDI_Occidente,217,1288,5,0,23.09,Despejado,15000,11.27
2024-04-16,HZ-Salsa-Verde-200g,CEDI_Bajio,201,50,5,0,23.92,Tormenta,15000,10.52
2024-04-16,HZ-Salsa-Roja-200g,CEDI_Norte,184,1452,3,0,23.83,Despejado,15000,8.86
2024-04-16,HZ-Salsa-Roja-200g,CEDI_Sur,209,1999,5,1,23.32,Despejado,15000,9.2
2024-04-16,HZ-Salsa-Roja-200g,CEDI_Occidente,204,651,5,0,24.27,Despejado,15000,9.57
2024-04-16,HZ-Salsa-Roja-200g,CEDI_Bajio,179,1487,5,1,22.79,Despejado,15000,11.91
2024-04-16,HZ-Mole-Poblano-250g,CEDI_Norte,113,1499,3,0,23.07,Despejado,8000,8.93
2024-04-16,HZ-Mole-Poblano-250g,CEDI_Sur,102,1492,5,0,23.07,Despejado,8000,11.73
2024-04-16,HZ-Mole-Poblano-250g,CEDI_Occidente,93,1303,5,0,23.12,Lluvia,8000,11.38
2024-04-16,HZ-Mole-Poblano-250g,CEDI_Bajio,91,1940,5,1,24.56,Despejado,8000,10.27
2024-04-16,HZ-Atun-Agua-140g,CEDI_Norte,99,1343,3,0,22.77,Despejado,8000,10.08
2024-04-16,HZ-Atun-Agua-140g,CEDI_Sur,93,1538,5,0,23.25,Tormenta,8000,11.71
2024-04-16,HZ-Atun-Agua-140g,CEDI_Occidente,81,1349,5,0,23.07,Despejado,8000,9.96
2024-04-16,HZ-Atun-Agua-140g,CEDI_Bajio,116,1120,5,0,23.41,Lluvia,8000,10.7
2024-04-16,HZ-Champiñones-380g,CEDI_Norte,114,430,3,0,24.17,Despejado,8000,11.51
2024-04-16,HZ-Champiñones-380g,CEDI_Sur,95,1549,5,0,23.46,Despejado,8000,9.85
2024-04-16,HZ-Champiñones-380g,CEDI_Occidente,102,1455,5,0,23.65,Despejado,8000,10.75
2024-04-16,HZ-Champiñones-380g,CEDI_Bajio,77,962,5,1,23.73,Tormenta,8000,9.74
2024-04-17,HZ-Salsa-Verde-200g,CEDI_Norte,213,92,3,0,23.81,Despejado,15000,8.37
2024-04-17,HZ-Salsa-Verde-200g,CEDI_Sur,201,1004,5,1,23.39,Despejado,15000,11.53
2024-04-17,HZ-Salsa-Verde-200g,CEDI_Occidente,222,1536,5,0,23.72,Despejado,15000,9.22
2024-04-17,HZ-Salsa-Verde-200g,CEDI_Bajio,196,1660,5,0,22.74,Despejado,15000,9.25
2024-04-17,HZ-Salsa-Roja-200g,CEDI_Norte,207,82,3,1,23.65,Despejado,15000,10.79
2024-04-17,HZ-Salsa-Roja-200g,CEDI_Sur,197,321,5,0,23.67,Despejado,15000,10.9
2024-04-17,HZ-Salsa-Roja-200g,CEDI_Occidente,208,1365,5,0,23.82,Despejado,15000,10.76
2024-04-17,HZ-Salsa-Roja-200g,CEDI_Bajio,205,844,5,0,24.22,Despejado,15000,9.5
2024-04-17,HZ-Mole-Poblano-250g,CEDI_Norte,95,936,3,0,23.17,Lluvia,8000,9.72
2024-04-17,HZ-Mole-Poblano-250g,CEDI_Sur,93,328,5,0,23.88,Despejado,8000,9.65
2024-04-17,HZ-Mole-Poblano-250g,CEDI_Occidente,112,1896,5,0,22.97,Despejado,8000,10.15
2024-04-17,HZ-Mole-Poblano-250g,CEDI_Bajio,93,1050,5,0,23.29,Despejado,8000,11.14
2024-04-17,HZ-Atun-Agua-140g,CEDI_Norte,100,355,3,1,24.23,Despejado,8000,9.76
2024-04-17,HZ-Atun-Agua-140g,CEDI_Sur,90,1913,5,0,23.35,Despejado,8000,8.61
2024-04-17,HZ-Atun-Agua-140g,CEDI_Occidente,99,1459,5,0,23.52,Despejado,8000,11.19
2024-04-17,HZ-Atun-Agua-140g,CEDI_Bajio,109,1256,5,0,22.8,Tormenta,8000,9.9
2024-04-17,HZ-Champiñones-380g,CEDI_Norte,101,1608,3,0,23.5,Despejado,8000,9.7
2024-04-17,HZ-Champiñones-380g,CEDI_Sur,102,1954,5,0,23.0,Despejado,8000,8.18
2024-04-17,HZ-Champiñones-380g,CEDI_Occidente,101,827,5,0,23.12,Despejado,8000,10.88
2024-04-17,HZ-Champiñones-380g,CEDI_Bajio,103,1283,5,0,23.43,Despejado,8000,8.53
2024-04-18,HZ-Salsa-Verde-200g,CEDI_Norte,201,717,3,0,23.42,Despejado,15000,11.27
2024-04-18,HZ-Salsa-Verde-200g,CEDI_Sur,201,885,5,0,23.64,Despejado,15000,10.12
2024-04-18,HZ-Salsa-Verde-200g,CEDI_Occidente,213,267,5,0,23.42,Despejado,15000,10.17
2024-04-18,HZ-Salsa-Verde-200g,CEDI_Bajio,230,1675,5,0,24.29,Despejado,15000,10.66
2024-04-18,HZ-Salsa-Roja-200g,CEDI_Norte,224,1872,3,0,23.68,Despejado,15000,10.03
2024-04-18,HZ-Salsa-Roja-200g,CEDI_Sur,227,1961,5,1,23.09,Despejado,15000,10.51
2024-04-18,HZ-Salsa-Roja-200g,CEDI_Occidente,206,1030,5,1,23.89,Despejado,15000,9.94
2024-04-18,HZ-Salsa-Roja-200g,CEDI_Bajio,198,918,5,0,22.05,Despejado,15000,10.48
2024-04-18,HZ-Mole-Poblano-250g,CEDI_Norte,104,1663,3,0,23.45,Lluvia,8000,8.88
2024-04-18,HZ-Mole-Poblano-250g,CEDI_Sur,96,1284,5,0,23.55,Despejado,8000,10.81
2024-04-18,HZ-Mole-Poblano-250g,CEDI_Occidente,97,1653,5,0,23.85,Despejado,8000,11.22
2024-04-18,HZ-Mole-Poblano-250g,CEDI_Bajio,117,1162,5,0,24.09,Despejado,8000,12.57
2024-04-18,HZ-Atun-Agua-140g,CEDI_Norte,100,920,3,1,23.07,Despejado,8000,9.76
2024-04-18,HZ-Atun-Agua-140g,CEDI_Sur,93,1035,5,1,23.46,Despejado,8000,8.62
2024-04-18,HZ-Atun-Agua-140g,CEDI_Occidente,108,792,5,0,23.23,Despejado,8000,9.74
2024-04-18,HZ-Atun-Agua-140g,CEDI_Bajio,88,252,5,0,23.72,Despejado,8000,10.55
2024-04-18,HZ-Champiñones-380g,CEDI_Norte,101,1933,3,1,23.45,Despejado,8000,11.11
2024-04-18,HZ-Champiñones-380g,CEDI_Sur,98,1402,5,1,23.01,Despejado,8000,10.14
2024-04-18,HZ-Champiñones-380g,CEDI_Occidente,89,1075,5,0,22.6,Despejado,8000,10.77
2024-04-18,HZ-Champiñones-380g,CEDI_Bajio,105,1355,5,0,23.18,Lluvia,8000,8.62
2024-04-19,HZ-Salsa-Verde-200g,CEDI_Norte,226,236,3,0,23.28,Despejado,15000,12.22
2024-04-19,HZ-Salsa-Verde-200g,CEDI_Sur,186,254,5,0,23.36,Despejado,15000,10.67
2024-04-19,HZ-Salsa-Verde-200g,CEDI_Occidente,198,1963,5,0,23.55,Despejado,15000,10.83
2024-04-19,HZ-Salsa-Verde-200g,CEDI_Bajio,197,975,5,0,23.29,Despejado,15000,10.65
2024-04-19,HZ-Salsa-Roja-200g,CEDI_Norte,219,1882,3,0,22.62,Tormenta,15000,10.87
2024-04-19,HZ-Salsa-Roja-200g,CEDI_Sur,216,951,5,0,22.88,Tormenta,15000,10.47
2024-04-19,HZ-Salsa-Roja-200g,CEDI_Occidente,184,462,5,1,23.76,Despejado,15000,11.69
2024-04-19,HZ-Salsa-Roja-200g,CEDI_Bajio,195,1517,5,1,23.24,Lluvia,15000,11.35
2024-04-19,HZ-Mole-Poblano-250g,CEDI_Norte,101,296,3,0,23.03,Despejado,8000,10.76
2024-04-19,HZ-Mole-Poblano-250g,CEDI_Sur,113,1455,5,0,23.3,Despejado,8000,10.68
2024-04-19,HZ-Mole-Poblano-250g,CEDI_Occidente,91,1292,5,0,24.25,Despejado,8000,12.62
2024-04-19,HZ-Mole-Poblano-250g,CEDI_Bajio,79,1414,5,0,23.73,Tormenta,8000,12.6
2024-04-19,HZ-Atun-Agua-140g,CEDI_Norte,97,432,3,0,24.26,Lluvia,8000,11.54
2024-04-19,HZ-Atun-Agua-140g,CEDI_Sur,102,1620,5,0,22.87,Lluvia,8000,10.67
2024-04-19,HZ-Atun-Agua-140g,CEDI_Occidente,90,553,5,0,22.93,Despejado,8000,12.1
2024-04-19,HZ-Atun-Agua-140g,CEDI_Bajio,107,1722,5,0,24.05,Despejado,8000,11.94
2024-04-19,HZ-Champiñones-380g,CEDI_Norte,103,1545,3,0,24.28,Despejado,8000,8.79
2024-04-19,HZ-Champiñones-380g,CEDI_Sur,98,1923,5,0,24.43,Despejado,8000,11.75
2024-04-19,HZ-Champiñones-380g,CEDI_Occidente,115,815,5,0,23.45,Lluvia,8000,10.53
2024-04-19,HZ-Champiñones-380g,CEDI_Bajio,101,668,5,0,22.94,Despejado,8000,11.57
2024-04-20,HZ-Salsa-Verde-200g,CEDI_Norte,183,815,3,0,23.83,Tormenta,15000,9.39
2024-04-20,HZ-Salsa-Verde-200g,CEDI_Sur,185,1163,5,0,23.62,Despejado,15000,8.29
2024-04-20,HZ-Salsa-Verde-200g,CEDI_Occidente,208,1140,5,0,23.62,Despejado,15000,10.03
2024-04-20,HZ-Salsa-Verde-200g,CEDI_Bajio,208,1701,5,0,23.11,Despejado,15000,10.24
2024-04-20,HZ-Salsa-Roja-200g,CEDI_Norte,207,1859,3,0,23.36,Lluvia,15000,9.21
2024-04-20,HZ-Salsa-Roja-200g,CEDI_Sur,216,516,5,0,23.17,Despejado,15000,10.11
2024-04-20,HZ-Salsa-Roja-200g,CEDI_Occidente,175,1804,5,1,23.79,Lluvia,15000,10.96
2024-04-20,HZ-Salsa-Roja-200g,CEDI_Bajio,184,1808,5,0,22.67,Despejado,15000,10.05
2024-04-20,HZ-Mole-Poblano-250g,CEDI_Norte,103,1134,3,0,23.27,Tormenta,8000,10.61
2024-04-20,HZ-Mole-Poblano-250g,CEDI_Sur,102,1469,5,0,22.71,Lluvia,8000,11.58
2024-04-20,HZ-Mole-Poblano-250g,CEDI_Occidente,100,766,5,1,23.57,Despejado,8000,9.37
2024-04-20,HZ-Mole-Poblano-250g,CEDI_Bajio,84,1506,5,0,22.22,Despejado,8000,10.4
2024-04-20,HZ-Atun-Agua-140g,CEDI_Norte,98,116,3,1,23.05,Despejado,8000,11.02
2024-04-20,HZ-Atun-Agua-140g,CEDI_Sur,91,1170,5,1,23.82,Despejado,8000,9.4
2024-04-20,HZ-Atun-Agua-140g,CEDI_Occidente,111,1270,5,0,23.86,Despejado,8000,9.42
2024-04-20,HZ-Atun-Agua-140g,CEDI_Bajio,114,249,5,0,23.63,Lluvia,8000,9.6
2024-04-20,HZ-Champiñones-380g,CEDI_Norte,93,1819,3,0,24.09,Despejado,8000,9.56
2024-04-20,HZ-Champiñones-380g,CEDI_Sur,109,1827,5,0,22.84,Despejado,8000,11.27
2024-04-20,HZ-Champiñones-380g,CEDI_Occidente,86,252,5,0,23.22,Despejado,8000,10.49
2024-04-20,HZ-Champiñones-380g,CEDI_Bajio,94,324,5,0,23.85,Lluvia,8000,9.97
2024-04-21,HZ-Salsa-Verde-200g,CEDI_Norte,230,789,3,1,22.67,Despejado,15000,10.71
2024-04-21,HZ-Salsa-Verde-200g,CEDI_Sur,202,1713,5,0,23.93,Despejado,15000,11.72
2024-04-21,HZ-Salsa-Verde-200g,CEDI_Occidente,209,1341,5,0,23.24,Lluvia,15000,11.28
2024-04-21,HZ-Salsa-Verde-200g,CEDI_Bajio,178,1257,5,0,23.65,Lluvia,15000,9.3
2024-04-21,HZ-Salsa-Roja-200g,CEDI_Norte,224,545,3,0,23.97,Lluvia,15000,11.68
2024-04-21,HZ-Salsa-Roja-200g,CEDI_Sur,199,257,5,0,23.1,Despejado,15000,10.54
2024-04-21,HZ-Salsa-Roja-200g,CEDI_Occidente,216,1859,5,1,23.56,Despejado,15000,10.64
2024-04-21,HZ-Salsa-Roja-200g,CEDI_Bajio,188,1768,5,0,23.65,Tormenta,15000,9.26
2024-04-21,HZ-Mole-Poblano-250g,CEDI_Norte,95,833,3,0,23.6,Despejado,8000,10.74
2024-04-21,HZ-Mole-Poblano-250g,CEDI_Sur,94,1233,5,0,23.34,Despejado,8000,8.91
2024-04-21,HZ-Mole-Poblano-250g,CEDI_Occidente,98,1846,5,0,23.07,Despejado,8000,11.78
2024-04-21,HZ-Mole-Poblano-250g,CEDI_Bajio,96,771,5,1,23.46,Despejado,8000,12.16
2024-04-21,HZ-Atun-Agua-140g,CEDI_Norte,105,1679,3,0,23.58,Lluvia,8000,9.44
2024-04-21,HZ-Atun-Agua-140g,CEDI_Sur,134,744,5,0,23.75,Despejado,8000,9.61
2024-04-21,HZ-Atun-Agua-140g,CEDI_Occidente,90,307,5,0,24.15,Lluvia,8000,10.79
2024-04-21,HZ-Atun-Agua-140g,CEDI_Bajio,90,144,5,0,23.32,Despejado,8000,10.61
2024-04-21,HZ-Champiñones-380g,CEDI_Norte,109,1658,3,0,23.35,Lluvia,8000,11.68
2024-04-21,HZ-Champiñones-380g,CEDI_Sur,89,1273,5,0,24.82,Lluvia,8000,11.1
2024-04-21,HZ-Champiñones-380g,CEDI_Occidente,128,1032,5,1,23.65,Despejado,8000,9.28
2024-04-21,HZ-Champiñones-380g,CEDI_Bajio,107,899,5,0,22.94,Lluvia,8000,9.41
2024-04-22,HZ-Salsa-Verde-200g,CEDI_Norte,174,1220,3,1,22.99,Despejado,15000,10.72
2024-04-22,HZ-Salsa-Verde-200g,CEDI_Sur,216,530,5,0,22.83,Despejado,15000,11.84
2024-04-22,HZ-Salsa-Verde-200g,CEDI_Occidente,211,272,5,0,23.16,Despejado,15000,8.62
2024-04-22,HZ-Salsa-Verde-200g,CEDI_Bajio,203,1352,5,0,23.43,Tormenta,15000,11.27
2024-04-22,HZ-Salsa-Roja-200g,CEDI_Norte,202,1369,3,0,23.87,Despejado,15000,10.62
2024-04-22,HZ-Salsa-Roja-200g,CEDI_Sur,197,1508,5,0,22.93,Despejado,15000,10.59
2024-04-22,HZ-Salsa-Roja-200g,CEDI_Occidente,214,887,5,0,24.38,Despejado,15000,10.63
2024-04-22,HZ-Salsa-Roja-200g,CEDI_Bajio,184,1129,5,0,23.33,Despejado,15000,8.63
2024-04-22,HZ-Mole-Poblano-250g,CEDI_Norte,89,1651,3,1,23.42,Lluvia,8000,9.44
2024-04-22,HZ-Mole-Poblano-250g,CEDI_Sur,114,219,5,0,23.78,Lluvia,8000,10.16
2024-04-22,HZ-Mole-Poblano-250g,CEDI_Occidente,90,505,5,0,23.51,Lluvia,8000,10.87
2024-04-22,HZ-Mole-Poblano-250g,CEDI_Bajio,111,136,5,0,23.0,Despejado,8000,11.33
2024-04-22,HZ-Atun-Agua-140g,CEDI_Norte,95,516,3,0,23.3,Tormenta,8000,12.08
2024-04-22,HZ-Atun-Agua-140g,CEDI_Sur,104,733,5,0,23.49,Despejado,8000,11.18
2024-04-22,HZ-Atun-Agua-140g,CEDI_Occidente,118,818,5,0,23.83,Despejado,8000,10.66
2024-04-22,HZ-Atun-Agua-140g,CEDI_Bajio,88,1898,5,0,23.14,Despejado,8000,10.16
2024-04-22,HZ-Champiñones-380g,CEDI_Norte,107,93,3,0,23.26,Despejado,8000,9.03
2024-04-22,HZ-Champiñones-380g,CEDI_Sur,99,80,5,0,23.57,Despejado,8000,11.37
2024-04-22,HZ-Champiñones-380g,CEDI_Occidente,96,923,5,0,23.37,Despejado,8000,9.2
2024-04-22,HZ-Champiñones-380g,CEDI_Bajio,97,1808,5,0,24.62,Despejado,8000,9.56
2024-04-23,HZ-Salsa-Verde-200g,CEDI_Norte,195,1391,3,0,23.18,Despejado,15000,10.9
2024-04-23,HZ-Salsa-Verde-200g,CEDI_Sur,216,1217,5,0,22.86,Lluvia,15000,11.25
2024-04-23,HZ-Salsa-Verde-200g,CEDI_Occidente,200,283,5,0,23.24,Despejado,15000,10.12
2024-04-23,HZ-Salsa-Verde-200g,CEDI_Bajio,170,1454,5,0,22.66,Despejado,15000,9.18
2024-04-23,HZ-Salsa-Roja-200g,CEDI_Norte,197,1530,3,0,24.65,Despejado,15000,12.37
2024-04-23,HZ-Salsa-Roja-200g,CEDI_Sur,195,293,5,0,23.31,Despejado,15000,10.73
2024-04-23,HZ-Salsa-Roja-200g,CEDI_Occidente,203,980,5,0,22.7,Despejado,15000,9.57
2024-04-23,HZ-Salsa-Roja-200g,CEDI_Bajio,183,808,5,0,23.42,Lluvia,15000,12.36
2024-04-23,HZ-Mole-Poblano-250g,CEDI_Norte,97,658,3,0,23.91,Despejado,8000,9.87
2024-04-23,HZ-Mole-Poblano-250g,CEDI_Sur,109,352,5,0,24.1,Despejado,8000,11.38
2024-04-23,HZ-Mole-Poblano-250g,CEDI_Occidente,105,762,5,0,24.38,Lluvia,8000,9.44
2024-04-23,HZ-Mole-Poblano-250g,CEDI_Bajio,89,1124,5,0,23.09,Despejado,8000,10.77
2024-04-23,HZ-Atun-Agua-140g,CEDI_Norte,84,405,3,0,22.65,Despejado,8000,11.51
2024-04-23,HZ-Atun-Agua-140g,CEDI_Sur,86,78,5,1,24.48,Despejado,8000,11.34
2024-04-23,HZ-Atun-Agua-140g,CEDI_Occidente,88,734,5,0,23.63,Despejado,8000,10.64
2024-04-23,HZ-Atun-Agua-140g,CEDI_Bajio,122,1536,5,0,23.79,Tormenta,8000,11.0
2024-04-23,HZ-Champiñones-380g,CEDI_Norte,92,1557,3,0,23.45,Despejado,8000,9.42
2024-04-23,HZ-Champiñones-380g,CEDI_Sur,104,1836,5,0,23.38,Despejado,8000,11.17
2024-04-23,HZ-Champiñones-380g,CEDI_Occidente,110,1044,5,0,23.34,Lluvia,8000,9.04
2024-04-23,HZ-Champiñones-380g,CEDI_Bajio,109,1511,5,0,23.71,Tormenta,8000,9.7
2024-04-24,HZ-Salsa-Verde-200g,CEDI_Norte,204,243,3,0,23.39,Tormenta,15000,9.06
2024-04-24,HZ-Salsa-Verde-200g,CEDI_Sur,179,1947,5,0,23.18,Lluvia,15000,10.36
2024-04-24,HZ-Salsa-Verde-200g,CEDI_Occidente,177,691,5,0,24.54,Despejado,15000,9.71
2024-04-24,HZ-Salsa-Verde-200g,CEDI_Bajio,207,951,5,0,23.98,Despejado,15000,10.39
2024-04-24,HZ-Salsa-Roja-200g,CEDI_Norte,216,78,3,0,23.1,Despejado,15000,11.19
2024-04-24,HZ-Salsa-Roja-200g,CEDI_Sur,212,1980,5,0,22.86,Despejado,15000,11.22
2024-04-24,HZ-Salsa-Roja-200g,CEDI_Occidente,213,131,5,0,23.57,Despejado,15000,11.86
2024-04-24,HZ-Salsa-Roja-200g,CEDI_Bajio,198,75,5,0,23.04,Lluvia,15000,10.39
2024-04-24,HZ-Mole-Poblano-250g,CEDI_Norte,87,1098,3,0,23.63,Lluvia,8000,11.18
2024-04-24,HZ-Mole-Poblano-250g,CEDI_Sur,96,182,5,0,24.55,Despejado,8000,11.32
2024-04-24,HZ-Mole-Poblano-250g,CEDI_Occidente,122,1046,5,0,23.24,Despejado,8000,11.06
2024-04-24,HZ-Mole-Poblano-250g,CEDI_Bajio,87,1651,5,0,23.24,Despejado,8000,11.18
2024-04-24,HZ-Atun-Agua-140g,CEDI_Norte,102,1166,3,1,24.12,Lluvia,8000,9.88
2024-04-24,HZ-Atun-Agua-140g,CEDI_Sur,115,1892,5,1,24.55,Tormenta,8000,9.11
2024-04-24,HZ-Atun-Agua-140g,CEDI_Occidente,101,1893,5,0,23.26,Despejado,8000,10.81
2024-04-24,HZ-Atun-Agua-140g,CEDI_Bajio,110,1418,5,0,23.72,Despejado,8000,11.77
2024-04-24,HZ-Champiñones-380g,CEDI_Norte,100,1318,3,0,23.65,Despejado,8000,10.12
2024-04-24,HZ-Champiñones-380g,CEDI_Sur,99,115,5,0,23.17,Despejado,8000,9.98
2024-04-24,HZ-Champiñones-380g,CEDI_Occidente,94,700,5,1,23.48,Despejado,8000,10.39
2024-04-24,HZ-Champiñones-380g,CEDI_Bajio,93,1685,5,0,23.76,Tormenta,8000,11.84
2024-04-25,HZ-Salsa-Verde-200g,CEDI_Norte,195,182,3,0,24.27,Despejado,15000,11.43
2024-04-25,HZ-Salsa-Verde-200g,CEDI_Sur,219,1646,5,0,23.75,Despejado,15000,10.36
2024-04-25,HZ-Salsa-Verde-200g,CEDI_Occidente,192,880,5,0,23.88,Despejado,15000,9.35
2024-04-25,HZ-Salsa-Verde-200g,CEDI_Bajio,221,740,5,0,23.09,Despejado,15000,12.0
2024-04-25,HZ-Salsa-Roja-200g,CEDI_Norte,181,1370,3,1,23.44,Tormenta,15000,10.6
2024-04-25,HZ-Salsa-Roja-200g,CEDI_Sur,205,331,5,0,23.98,Despejado,15000,9.1
2024-04-25,HZ-Salsa-Roja-200g,CEDI_Occidente,188,390,5,0,23.3,Despejado,15000,11.22
2024-04-25,HZ-Salsa-Roja-200g,CEDI_Bajio,188,1341,5,0,22.37,Lluvia,15000,10.84
2024-04-25,HZ-Mole-Poblano-250g,CEDI_Norte,97,1803,3,0,24.07,Despejado,8000,9.32
2024-04-25,HZ-Mole-Poblano-250g,CEDI_Sur,102,951,5,0,24.2,Despejado,8000,10.01
2024-04-25,HZ-Mole-Poblano-250g,CEDI_Occidente,122,1944,5,0,23.77,Despejado,8000,9.84
2024-04-25,HZ-Mole-Poblano-250g,CEDI_Bajio,102,773,5,0,23.65,Lluvia,8000,10.66
2024-04-25,HZ-Atun-Agua-140g,CEDI_Norte,89,320,3,0,22.47,Despejado,8000,11.25
2024-04-25,HZ-Atun-Agua-140g,CEDI_Sur,103,768,5,0,22.49,Despejado,8000,10.81
2024-04-25,HZ-Atun-Agua-140g,CEDI_Occidente,98,1071,5,0,22.99,Lluvia,8000,10.88
2024-04-25,HZ-Atun-Agua-140g,CEDI_Bajio,105,958,5,0,22.97,Despejado,8000,11.9
2024-04-25,HZ-Champiñones-380g,CEDI_Norte,109,1807,3,0,22.87,Lluvia,8000,12.29
2024-04-25,HZ-Champiñones-380g,CEDI_Sur,103,617,5,0,23.97,Despejado,8000,10.44
2024-04-25,HZ-Champiñones-380g,CEDI_Occidente,95,509,5,0,24.28,Despejado,8000,11.38
2024-04-25,HZ-Champiñones-380g,CEDI_Bajio,85,763,5,1,22.99,Despejado,8000,10.95
2024-04-26,HZ-Salsa-Verde-200g,CEDI_Norte,182,979,3,0,23.95,Lluvia,15000,8.76
2024-04-26,HZ-Salsa-Verde-200g,CEDI_Sur,198,1598,5,1,22.47,Lluvia,15000,8.77
2024-04-26,HZ-Salsa-Verde-200g,CEDI_Occidente,178,1837,5,0,24.27,Despejado,15000,11.76
2024-04-26,HZ-Salsa-Verde-200g,CEDI_Bajio,215,186,5,0,23.25,Despejado,15000,10.16
2024-04-26,HZ-Salsa-Roja-200g,CEDI_Norte,211,392,3,0,22.72,Despejado,15000,12.07
2024-04-26,HZ-Salsa-Roja-200g,CEDI_Sur,218,1565,5,0,23.78,Lluvia,15000,8.47
2024-04-26,HZ-Salsa-Roja-200g,CEDI_Occidente,187,713,5,1,23.45,Lluvia,15000,11.61
2024-04-26,HZ-Salsa-Roja-200g,CEDI_Bajio,205,1950,5,0,22.72,Despejado,15000,9.77
2024-04-26,HZ-Mole-Poblano-250g,CEDI_Norte,95,267,3,0,22.85,Despejado,8000,10.72
2024-04-26,HZ-Mole-Poblano-250g,CEDI_Sur,110,888,5,0,23.76,Lluvia,8000,10.43
2024-04-26,HZ-Mole-Poblano-250g,CEDI_Occidente,100,1201,5,0,23.63,Despejado,8000,8.71
2024-04-26,HZ-Mole-Poblano-250g,CEDI_Bajio,88,1546,5,0,23.99,Tormenta,8000,11.82
2024-04-26,HZ-Atun-Agua-140g,CEDI_Norte,113,1508,3,0,22.48,Lluvia,8000,9.26
2024-04-26,HZ-Atun-Agua-140g,CEDI_Sur,102,603,5,0,22.88,Despejado,8000,10.5
2024-04-26,HZ-Atun-Agua-140g,CEDI_Occidente,95,1928,5,1,23.47,Tormenta,8000,8.8
2024-04-26,HZ-Atun-Agua-140g,CEDI_Bajio,95,228,5,1,23.14,Despejado,8000,11.05
2024-04-26,HZ-Champiñones-380g,CEDI_Norte,102,270,3,1,23.5,Tormenta,8000,11.1
2024-04-26,HZ-Champiñones-380g,CEDI_Sur,102,792,5,0,23.38,Despejado,8000,11.63
2024-04-26,HZ-Champiñones-380g,CEDI_Occidente,108,651,5,0,23.69,Lluvia,8000,11.96
2024-04-26,HZ-Champiñones-380g,CEDI_Bajio,88,1727,5,0,23.42,Lluvia,8000,11.34
2024-04-27,HZ-Salsa-Verde-200g,CEDI_Norte,190,638,3,0,23.36,Despejado,15000,10.16
2024-04-27,HZ-Salsa-Verde-200g,CEDI_Sur,237,436,5,0,23.95,Despejado,15000,11.71
2024-04-27,HZ-Salsa-Verde-200g,CEDI_Occidente,211,397,5,0,23.78,Despejado,15000,9.56
2024-04-27,HZ-Salsa-Verde-200g,CEDI_Bajio,217,641,5,0,23.64,Lluvia,15000,11.29
2024-04-27,HZ-Salsa-Roja-200g,CEDI_Norte,224,1600,3,0,23.73,Despejado,15000,10.38
2024-04-27,HZ-Salsa-Roja-200g,CEDI_Sur,190,748,5,1,23.35,Despejado,15000,9.87
2024-04-27,HZ-Salsa-Roja-200g,CEDI_Occidente,239,349,5,0,22.87,Lluvia,15000,10.29
2024-04-27,HZ-Salsa-Roja-200g,CEDI_Bajio,209,1426,5,0,23.33,Despejado,15000,9.41
2024-04-27,HZ-Mole-Poblano-250g,CEDI_Norte,86,725,3,0,23.37,Despejado,8000,10.67
2024-04-27,HZ-Mole-Poblano-250g,CEDI_Sur,92,421,5,0,23.3,Despejado,8000,11.2
2024-04-27,HZ-Mole-Poblano-250g,CEDI_Occidente,98,1522,5,0,22.62,Despejado,8000,9.8
2024-04-27,HZ-Mole-Poblano-250g,CEDI_Bajio,132,236,5,0,23.35,Tormenta,8000,9.65
2024-04-27,HZ-Atun-Agua-140g,CEDI_Norte,99,1112,3,0,23.46,Lluvia,8000,11.3
2024-04-27,HZ-Atun-Agua-140g,CEDI_Sur,99,1542,5,0,23.48,Despejado,8000,9.52
2024-04-27,HZ-Atun-Agua-140g,CEDI_Occidente,101,198,5,0,24.22,Despejado,8000,10.78
2024-04-27,HZ-Atun-Agua-140g,CEDI_Bajio,95,1397,5,1,23.93,Lluvia,8000,11.74
2024-04-27,HZ-Champiñones-380g,CEDI_Norte,87,1305,3,0,24.21,Despejado,8000,10.56
2024-04-27,HZ-Champiñones-380g,CEDI_Sur,97,1216,5,1,23.21,Despejado,8000,10.31
2024-04-27,HZ-Champiñones-380g,CEDI_Occidente,96,1544,5,0,23.91,Despejado,8000,10.83
2024-04-27,HZ-Champiñones-380g,CEDI_Bajio,101,246,5,0,22.86,Despejado,8000,10.28
2024-04-28,HZ-Salsa-Verde-200g,CEDI_Norte,190,669,3,0,23.45,Lluvia,15000,10.32
2024-04-28,HZ-Salsa-Verde-200g,CEDI_Sur,220,610,5,0,23.69,Lluvia,15000,10.01
2024-04-28,HZ-Salsa-Verde-200g,CEDI_Occidente,201,1485,5,0,23.91,Lluvia,15000,10.3
2024-04-28,HZ-Salsa-Verde-200g,CEDI_Bajio,202,1594,5,0,24.33,Lluvia,15000,10.48
2024-04-28,HZ-Salsa-Roja-200g,CEDI_Norte,219,1991,3,0,23.86,Lluvia,15000,9.2
2024-04-28,HZ-Salsa-Roja-200g,CEDI_Sur,197,690,5,0,23.39,Tormenta,15000,11.33
2024-04-28,HZ-Salsa-Roja-200g,CEDI_Occidente,211,735,5,0,24.1,Despejado,15000,10.51
2024-04-28,HZ-Salsa-Roja-200g,CEDI_Bajio,204,877,5,0,22.92,Despejado,15000,8.02
2024-04-28,HZ-Mole-Poblano-250g,CEDI_Norte,115,1310,3,0,23.77,Despejado,8000,11.05
2024-04-28,HZ-Mole-Poblano-250g,CEDI_Sur,103,812,5,0,24.14,Despejado,8000,8.25
2024-04-28,HZ-Mole-Poblano-250g,CEDI_Occidente,100,1889,5,0,23.04,Despejado,8000,11.2
2024-04-28,HZ-Mole-Poblano-250g,CEDI_Bajio,97,1151,5,0,23.02,Lluvia,8000,7.79
2024-04-28,HZ-Atun-Agua-140g,CEDI_Norte,97,755,3,0,23.27,Despejado,8000,10.41
2024-04-28,HZ-Atun-Agua-140g,CEDI_Sur,101,1751,5,0,23.45,Despejado,8000,10.53
2024-04-28,HZ-Atun-Agua-140g,CEDI_Occidente,91,1384,5,0,23.41,Despejado,8000,10.06
2024-04-28,HZ-Atun-Agua-140g,CEDI_Bajio,106,1558,5,1,23.37,Despejado,8000,11.43
2024-04-28,HZ-Champiñones-380g,CEDI_Norte,98,1960,3,0,23.35,Despejado,8000,9.2
2024-04-28,HZ-Champiñones-380g,CEDI_Sur,93,1147,5,0,23.2,Tormenta,8000,10.33
2024-04-28,HZ-Champiñones-380g,CEDI_Occidente,97,282,5,0,22.94,Despejado,8000,9.75
2024-04-28,HZ-Champiñones-380g,CEDI_Bajio,100,384,5,0,23.79,Despejado,8000,9.28
2024-04-29,HZ-Salsa-Verde-200g,CEDI_Norte,209,1812,3,1,23.54,Despejado,15000,11.71
2024-04-29,HZ-Salsa-Verde-200g,CEDI_Sur,220,898,5,0,24.03,Tormenta,15000,11.44
2024-04-29,HZ-Salsa-Verde-200g,CEDI_Occidente,216,994,5,0,22.83,Despejado,15000,9.6
2024-04-29,HZ-Salsa-Verde-200g,CEDI_Bajio,210,497,5,1,23.42,Despejado,15000,8.69
2024-04-29,HZ-Salsa-Roja-200g,CEDI_Norte,181,672,3,0,22.7,Despejado,15000,8.59
2024-04-29,HZ-Salsa-Roja-200g,CEDI_Sur,201,1381,5,0,23.88,Lluvia,15000,10.47
2024-04-29,HZ-Salsa-Roja-200g,CEDI_Occidente,211,383,5,0,22.9,Despejado,15000,9.91
2024-04-29,HZ-Salsa-Roja-200g,CEDI_Bajio,210,608,5,0,23.19,Despejado,15000,11.26
2024-04-29,HZ-Mole-Poblano-250g,CEDI_Norte,103,726,3,0,22.92,Despejado,8000,10.14
2024-04-29,HZ-Mole-Poblano-250g,CEDI_Sur,93,573,5,0,23.0,Despejado,8000,11.77
2024-04-29,HZ-Mole-Poblano-250g,CEDI_Occidente,93,1520,5,0,23.28,Despejado,8000,11.31
2024-04-29,HZ-Mole-Poblano-250g,CEDI_Bajio,102,1702,5,0,23.46,Despejado,8000,10.43
2024-04-29,HZ-Atun-Agua-140g,CEDI_Norte,104,69,3,0,23.51,Despejado,8000,9.37
2024-04-29,HZ-Atun-Agua-140g,CEDI_Sur,99,1305,5,0,23.58,Lluvia,8000,9.35
2024-04-29,HZ-Atun-Agua-140g,CEDI_Occidente,93,1881,5,0,24.02,Despejado,8000,12.13
2024-04-29,HZ-Atun-Agua-140g,CEDI_Bajio,94,928,5,0,22.58,Despejado,8000,11.4
2024-04-29,HZ-Champiñones-380g,CEDI_Norte,82,379,3,0,23.84,Lluvia,8000,8.21
2024-04-29,HZ-Champiñones-380g,CEDI_Sur,102,745,5,0,23.85,Despejado,8000,10.52
2024-04-29,HZ-Champiñones-380g,CEDI_Occidente,100,1999,5,0,22.83,Despejado,8000,9.51
2024-04-29,HZ-Champiñones-380g,CEDI_Bajio,87,1755,5,0,23.21,Tormenta,8000,10.42
