y_true,y_pred,residual
1397.0,1373.2045,23.7955322265625
1372.0,1382.7869,-10.786865234375
1413.0,1398.0237,14.976318359375
1421.0,1394.2593,26.74072265625
1406.0,1380.4196,25.5804443359375
1414.0,1395.3821,18.617919921875
1393.0,1370.3383,22.6617431640625
1384.0,1364.6984,19.3016357421875
1412.0,1387.0624,24.9376220703125
1412.0,1390.899,21.1009521484375
1400.0,1361.0956,38.9044189453125
1416.0,1350.2356,65.764404296875
1440.0,1340.1957,99.8043212890625
1447.0,1363.9634,83.03662109375
1455.0,1367.457,87.54296875
1443.0,1386.77,56.22998046875
1400.0,1341.078,58.9219970703125
1392.0,1366.1531,25.846923828125
1399.0,1337.2518,61.7481689453125
1437.0,1365.4437,71.5562744140625
1451.0,1349.5814,101.4185791015625
1440.0,1388.3812,51.6187744140625
1439.0,1401.8489,37.151123046875
1432.0,1379.0856,52.9144287109375
1466.0,1405.5137,60.486328125
1439.0,1384.4231,54.576904296875
1401.0,1355.3291,45.6708984375
1380.0,1355.4791,24.5208740234375
1407.0,1373.4495,33.550537109375
1413.0,1359.4462,53.5538330078125
1439.0,1383.2382,55.7618408203125
1392.0,1381.0848,10.9151611328125
1413.0,1361.6796,51.3204345703125
1382.0,1371.1226,10.87744140625
1393.0,1387.8347,5.165283203125
1384.0,1389.4489,-5.4488525390625
1402.0,1361.3026,40.6973876953125
1411.0,1318.426,92.573974609375
1435.0,1353.2125,81.7874755859375
1442.0,1347.5844,94.4156494140625
1279.0,1377.9021,-98.902099609375
1307.0,1380.7075,-73.70751953125
1328.0,1392.3257,-64.32568359375
1329.0,1405.5612,-76.5611572265625
1331.0,1400.0011,-69.0010986328125
1340.0,1405.3466,-65.3465576171875
1370.0,1429.0865,-59.0865478515625
1385.0,1397.8973,-12.8973388671875
1388.0,1349.11,38.8900146484375
1378.0,1382.2772,-4.2772216796875
1353.0,1357.0646,-4.0645751953125
1368.0,1424.4967,-56.4967041015625
1364.0,1421.6519,-57.65185546875
1334.0,1365.4669,-31.4669189453125
1331.0,1382.6509,-51.65087890625
1340.0,1437.0789,-97.078857421875
1341.0,1416.8488,-75.8487548828125
1356.0,1381.901,-25.9010009765625
1362.0,1426.5525,-64.552490234375
1370.0,1405.4869,-35.4869384765625
1393.0,1423.4916,-30.4915771484375
1410.0,1411.1702,-1.170166015625
1410.0,1419.4435,-9.4434814453125
1444.0,1394.7577,49.2423095703125
1443.0,1412.7705,30.2294921875
1444.0,1410.5492,33.4508056640625
1449.0,1428.7133,20.2867431640625
1453.0,1371.6039,81.3961181640625
1456.0,1423.5106,32.4893798828125
1470.0,1435.4233,34.57666015625
1426.0,1405.7661,20.23388671875
1469.0,1396.3495,72.6505126953125
1440.0,1421.9142,18.0858154296875
1422.0,1434.784,-12.7840576171875
1413.0,1418.7155,-5.7154541015625
1407.0,1405.672,1.3280029296875
1363.0,1407.733,-44.7330322265625
1370.0,1412.874,-42.8740234375
1330.0,1416.5128,-86.5128173828125
1365.0,1412.3324,-47.3323974609375
1387.0,1401.7788,-14.77880859375
1360.0,1404.4679,-44.4678955078125
1370.0,1412.3336,-42.3336181640625
1370.0,1387.2087,-17.208740234375
1338.0,1418.5645,-80.564453125
1351.0,1377.3643,-26.3642578125
1377.0,1377.4443,-0.4443359375
1402.0,1421.0139,-19.013916015625
1430.0,1400.5392,29.4608154296875
1446.0,1407.054,38.946044921875
1442.0,1435.6676,6.3323974609375
1438.0,1389.6333,48.36669921875
1419.0,1409.9396,9.0604248046875
1398.0,1396.598,1.4019775390625
1397.0,1425.0807,-28.0806884765625
1401.0,1406.2727,-5.272705078125
1391.0,1424.2784,-33.2784423828125
1408.0,1434.2185,-26.218505859375
1430.0,1391.1094,38.890625
1407.0,1402.6913,4.3087158203125
1386.0,1420.8451,-34.8450927734375
1391.0,1392.3953,-1.395263671875
1388.0,1386.7612,1.23876953125
1409.0,1440.2578,-31.2578125
1399.0,1392.9087,6.09130859375
1401.0,1398.8771,2.1229248046875
1443.0,1394.3429,48.6571044921875
1469.0,1413.6986,55.3013916015625
1472.0,1413.7489,58.2510986328125
1466.0,1423.2188,42.78125
1464.0,1408.5332,55.466796875
1463.0,1397.2972,65.7027587890625
1478.0,1389.2855,88.7144775390625
1461.0,1413.7089,47.2911376953125
1416.0,1411.1028,4.897216796875
1395.0,1414.0035,-19.0035400390625
1375.0,1417.3756,-42.3756103515625
1378.0,1408.8179,-30.81787109375
1370.0,1414.2643,-44.2642822265625
1375.0,1409.7938,-34.7938232421875
1418.0,1410.3572,7.642822265625
1434.0,1407.0458,26.9542236328125
1445.0,1422.7434,22.256591796875
1465.0,1416.769,48.23095703125
1475.0,1436.2592,38.7408447265625
1475.0,1417.4634,57.53662109375
1433.0,1410.8297,22.1702880859375
1396.0,1411.9797,-15.979736328125
1375.0,1429.2864,-54.286376953125
1353.0,1424.8743,-71.874267578125
1342.0,1397.2375,-55.237548828125
1336.0,1418.491,-82.490966796875
1351.0,1397.6876,-46.6876220703125
1365.0,1422.0961,-57.0960693359375
1374.0,1410.8489,-36.848876953125
1386.0,1415.7428,-29.7427978515625
1402.0,1423.1648,-21.164794921875
1402.0,1421.0653,-19.0653076171875
1405.0,1398.3153,6.6846923828125
1377.0,1400.6241,-23.6241455078125
1376.0,1403.9545,-27.9544677734375
1371.0,1416.9608,-45.9608154296875
1417.0,1391.9342,25.0657958984375
1389.0,1400.7628,-11.7628173828125
1377.0,1433.6576,-56.6575927734375
1379.0,1398.186,-19.18603515625
1353.0,1430.1942,-77.1942138671875
1366.0,1428.4067,-62.40673828125
1369.0,1433.8228,-64.82275390625
1309.0,1412.899,-103.8990478515625
1325.0,1405.2828,-80.2828369140625
1343.0,1413.3015,-70.301513671875
1361.0,1411.8004,-50.8004150390625
1407.0,1396.7319,10.26806640625
1385.0,1390.0828,-5.082763671875
1403.0,1344.0975,58.9024658203125
1415.0,1395.8809,19.119140625
1467.0,1405.0393,61.960693359375
1485.0,1416.1471,68.8529052734375
1489.0,1420.0187,68.9813232421875
